,T2M,Rain,Humidity
20150101,12.52,0.0,33.31
20150102,14.35,0.25,43.39
20150103,14.72,0.36,61.84
20150104,14.63,0.0,42.56
20150105,13.58,0.0,41.07
20150106,14.39,0.0,50.53
20150107,14.99,0.0,45.8
20150108,14.51,0.0,33.89
20150109,13.46,0.0,29.24
20150110,13.26,0.0,25.57
20150111,14.98,0.0,22.19
20150112,15.43,0.0,24.17
20150113,13.91,2.76,38.63
20150114,12.62,0.86,53.75
20150115,11.81,0.13,62.36
20150116,13.91,0.0,55.59
20150117,15.01,0.0,47.02
20150118,15.41,0.0,38.9
20150119,15.14,0.0,35.64
20150120,13.3,0.0,34.44
20150121,14.04,2.07,45.5
20150122,14.53,1.67,59.85
20150123,12.5,0.51,65.81
20150124,13.05,0.0,52.97
20150125,13.47,0.0,42.0
20150126,12.02,0.0,43.26
20150127,11.02,0.0,43.76
20150128,10.4,0.0,42.8
20150129,11.7,0.0,30.52
20150130,13.28,0.0,27.41
20150131,15.25,0.0,25.99
20150201,14.85,0.0,33.4
20150202,14.74,4.79,48.01
20150203,14.73,0.09,70.04
20150204,13.7,0.01,65.67
20150205,14.34,0.0,50.71
20150206,14.63,0.0,41.76
20150207,14.39,0.0,46.07
20150208,15.49,0.0,50.31
20150209,15.48,0.0,48.12
20150210,15.62,0.0,37.87
20150211,16.55,0.0,31.22
20150212,17.37,0.0,24.28
20150213,19.32,0.0,24.92
20150214,21.26,0.0,30.18
20150215,21.94,0.0,25.26
20150216,21.49,0.05,27.01
20150217,19.49,0.24,40.09
20150218,20.27,0.0,38.36
20150219,19.94,0.01,38.7
20150220,20.47,0.22,46.29
20150221,19.8,0.21,58.07
20150222,20.82,0.0,48.16
20150223,22.13,0.0,38.66
20150224,22.04,0.76,34.36
20150225,19.7,2.12,29.62
20150226,15.32,0.0,19.7
20150227,16.44,0.0,20.1
20150228,15.64,0.0,37.12
20150301,15.25,18.9,78.76
20150302,15.59,0.36,67.2
20150303,16.87,0.08,49.06
20150304,17.02,0.04,45.92
20150305,17.42,1.95,46.33
20150306,17.35,1.08,64.23
20150307,18.23,4.11,60.7
20150308,16.77,0.25,52.05
20150309,14.74,0.0,52.47
20150310,16.81,0.0,43.01
20150311,18.9,0.0,35.28
20150312,19.3,0.0,36.14
20150313,21.34,0.33,41.63
20150314,21.23,0.55,56.19
20150315,19.05,20.69,79.85
20150316,18.84,2.72,67.26
20150317,18.56,0.0,58.83
20150318,19.64,0.0,53.39
20150319,22.64,0.0,39.95
20150320,24.16,0.0,34.34
20150321,24.69,0.0,39.25
20150322,24.79,0.0,46.31
20150323,26.23,0.0,42.49
20150324,28.34,0.0,32.1
20150325,27.02,0.0,37.4
20150326,26.89,0.0,39.87
20150327,28.05,0.0,33.72
20150328,28.89,0.0,28.67
20150329,25.32,0.81,46.5
20150330,24.03,2.02,60.21
20150331,24.31,0.0,56.7
20150401,26.6,0.0,45.92
20150402,26.44,0.09,43.65
20150403,23.33,16.81,62.08
20150404,23.39,4.98,55.08
20150405,25.01,0.01,45.61
20150406,25.44,0.99,42.58
20150407,23.48,5.05,58.02
20150408,23.47,0.01,56.74
20150409,25.23,0.0,44.48
20150410,27.49,0.0,36.94
20150411,28.25,8.25,39.48
20150412,25.52,0.01,57.64
20150413,26.79,0.0,46.79
20150414,26.77,0.0,52.12
20150415,28.32,0.21,46.4
20150416,28.28,1.99,48.43
20150417,28.7,2.31,43.92
20150418,30.67,0.0,37.72
20150419,32.35,0.0,33.46
20150420,31.65,0.0,27.32
20150421,30.33,0.0,32.53
20150422,30.53,0.0,25.85
20150423,32.57,0.0,16.86
20150424,32.84,0.0,16.78
20150425,32.77,0.0,17.87
20150426,31.82,0.0,23.73
20150427,32.08,0.0,31.34
20150428,32.91,0.1,29.27
20150429,33.05,0.23,22.39
20150430,32.81,0.02,20.91
20150501,30.92,0.22,29.22
20150502,32.17,0.0,21.84
20150503,33.76,0.0,15.36
20150504,34.12,0.0,13.88
20150505,34.17,0.0,12.68
20150506,34.54,0.0,12.35
20150507,34.79,0.0,14.08
20150508,34.76,0.0,18.33
20150509,35.47,0.0,21.27
20150510,36.32,0.0,23.05
20150511,35.23,0.1,24.12
20150512,32.92,0.93,28.16
20150513,32.12,1.37,30.87
20150514,33.04,0.0,29.6
20150515,33.84,0.14,28.86
20150516,34.8,0.05,23.42
20150517,35.55,0.0,20.54
20150518,37.46,0.0,19.12
20150519,36.45,0.0,23.49
20150520,35.53,1.44,17.25
20150521,35.6,0.0,18.31
20150522,36.78,0.0,16.71
20150523,36.19,0.0,13.74
20150524,36.61,0.0,12.76
20150525,36.34,0.0,13.69
20150526,34.35,0.0,10.35
20150527,35.15,0.0,7.62
20150528,35.56,1.23,17.17
20150529,35.33,0.81,23.16
20150530,35.9,0.0,24.89
20150531,36.26,0.21,20.45
20150601,36.25,0.28,19.02
20150602,34.2,0.59,34.66
20150603,33.42,0.01,33.7
20150604,32.9,0.44,30.35
20150605,33.63,0.01,29.23
20150606,35.6,0.0,24.05
20150607,36.62,0.0,19.26
20150608,38.31,0.0,17.77
20150609,37.5,0.0,22.75
20150610,35.72,0.09,34.71
20150611,36.18,0.06,32.51
20150612,36.95,0.0,33.14
20150613,37.64,0.63,27.28
20150614,33.31,16.88,48.15
20150615,32.98,4.92,52.51
20150616,34.32,0.14,42.25
20150617,35.09,0.56,37.98
20150618,36.49,0.0,32.38
20150619,38.13,0.0,27.08
20150620,38.15,0.0,25.82
20150621,37.29,1.02,32.29
20150622,36.97,0.06,31.71
20150623,37.79,0.07,30.71
20150624,33.03,18.51,54.43
20150625,32.65,0.62,50.77
20150626,33.66,2.92,44.87
20150627,34.09,0.77,48.95
20150628,35.49,0.0,38.52
20150629,36.42,0.06,33.73
20150630,35.37,0.59,35.99
20150701,34.49,1.62,43.52
20150702,34.51,2.27,44.36
20150703,33.88,15.63,53.36
20150704,34.87,0.01,47.41
20150705,35.98,0.18,42.19
20150706,34.4,16.45,52.61
20150707,31.71,16.14,64.54
20150708,33.11,1.02,54.17
20150709,34.2,3.0,48.1
20150710,34.41,0.24,47.61
20150711,30.79,16.49,66.08
20150712,30.13,5.22,67.05
20150713,31.64,0.07,58.15
20150714,33.65,0.0,52.0
20150715,34.79,0.0,43.93
20150716,34.97,0.37,46.54
20150717,34.67,0.57,45.05
20150718,32.74,0.67,54.43
20150719,34.56,0.59,50.59
20150720,34.27,3.94,47.9
20150721,32.94,6.15,55.74
20150722,33.33,1.48,53.42
20150723,32.73,3.64,60.0
20150724,33.12,0.26,59.81
20150725,33.65,2.65,57.08
20150726,32.89,0.35,56.6
20150727,31.8,1.25,61.44
20150728,31.36,0.55,58.66
20150729,30.49,0.68,61.42
20150730,32.05,1.58,58.37
20150731,30.12,11.16,71.69
20150801,29.35,12.0,78.47
20150802,28.06,31.08,83.73
20150803,30.35,3.26,70.06
20150804,32.37,0.27,57.39
20150805,33.48,0.09,52.12
20150806,34.25,4.52,52.25
20150807,34.61,0.19,51.49
20150808,34.7,0.15,49.87
20150809,33.7,0.17,48.33
20150810,33.85,0.09,45.41
20150811,34.01,0.01,45.17
20150812,31.45,13.5,59.96
20150813,31.82,3.56,61.79
20150814,32.78,1.11,60.91
20150815,31.82,6.43,65.33
20150816,31.63,1.54,64.88
20150817,32.8,0.05,58.14
20150818,33.7,0.23,50.33
20150819,33.03,0.71,51.09
20150820,32.57,0.0,51.49
20150821,32.05,0.75,53.94
20150822,32.01,0.01,52.18
20150823,32.08,1.73,54.81
20150824,32.01,0.09,53.19
20150825,32.52,0.0,48.35
20150826,32.86,0.0,48.09
20150827,33.41,0.0,46.42
20150828,33.74,0.34,45.82
20150829,33.73,1.54,45.73
20150830,33.35,0.0,41.09
20150831,32.38,0.0,43.47
20150901,32.59,0.0,37.5
20150902,32.14,0.0,36.56
20150903,31.75,0.0,37.47
20150904,31.48,0.0,32.31
20150905,31.56,0.0,34.49
20150906,31.67,0.0,34.3
20150907,31.92,0.0,35.26
20150908,32.03,0.0,34.62
20150909,32.73,0.0,31.99
20150910,32.64,0.0,29.76
20150911,32.77,0.0,30.39
20150912,33.35,0.0,29.31
20150913,33.27,0.0,27.48
20150914,33.68,0.0,26.83
20150915,33.88,0.0,23.88
20150916,33.86,0.0,23.92
20150917,33.48,0.06,26.77
20150918,32.45,0.01,31.79
20150919,27.91,4.9,59.75
20150920,29.35,11.83,65.5
20150921,29.04,33.33,72.78
20150922,28.14,19.79,78.16
20150923,27.39,0.7,63.91
20150924,27.05,0.0,47.66
20150925,28.17,0.0,45.93
20150926,28.42,0.02,51.25
20150927,28.81,1.31,51.77
20150928,28.32,0.35,47.69
20150929,28.3,0.0,44.16
20150930,27.47,0.0,46.2
20151001,29.04,0.0,39.19
20151002,29.59,0.0,36.48
20151003,29.49,0.0,33.74
20151004,28.76,0.0,35.6
20151005,28.96,0.0,39.48
20151006,28.99,0.0,41.12
20151007,29.44,0.0,37.24
20151008,28.88,0.0,39.48
20151009,28.16,0.0,37.88
20151010,28.66,0.0,39.55
20151011,28.32,0.0,47.55
20151012,28.28,0.0,48.37
20151013,28.61,0.0,41.18
20151014,27.94,0.0,40.03
20151015,26.9,0.1,42.85
20151016,27.3,0.0,44.33
20151017,27.43,0.0,43.04
20151018,28.47,0.0,39.04
20151019,28.51,0.0,35.66
20151020,27.37,0.0,36.82
20151021,24.35,0.0,40.55
20151022,24.45,0.0,30.76
20151023,25.59,0.0,27.83
20151024,26.61,0.0,27.25
20151025,25.37,0.24,32.98
20151026,23.05,0.49,48.76
20151027,21.83,1.82,46.01
20151028,21.55,0.86,41.62
20151029,22.54,0.01,37.87
20151030,22.67,0.0,39.98
20151031,23.05,0.0,32.66
20151101,22.24,0.0,35.68
20151102,23.23,0.0,36.22
20151103,23.77,0.0,36.51
20151104,24.49,0.0,36.17
20151105,23.15,0.96,33.17
20151106,20.74,0.01,40.29
20151107,20.71,0.0,28.45
20151108,20.44,0.58,30.84
20151109,21.37,0.0,34.28
20151110,20.99,0.0,36.64
20151111,20.86,0.0,41.59
20151112,21.75,0.0,41.05
20151113,23.25,0.0,39.0
20151114,23.98,0.0,43.43
20151115,23.48,0.0,37.62
20151116,21.37,0.15,33.62
20151117,20.07,0.0,25.29
20151118,20.41,0.0,21.54
20151119,20.92,0.0,21.38
20151120,20.66,0.0,23.16
20151121,19.88,0.0,27.58
20151122,20.01,0.0,26.99
20151123,19.69,0.0,27.2
20151124,19.59,0.0,28.31
20151125,19.98,0.0,32.3
20151126,20.06,0.0,28.06
20151127,17.69,0.04,31.96
20151128,19.1,0.0,33.47
20151129,19.21,0.0,41.13
20151130,19.06,0.0,41.32
20151201,18.79,0.0,38.07
20151202,18.8,0.0,35.25
20151203,18.04,0.0,35.84
20151204,18.63,0.0,31.97
20151205,19.73,0.0,20.72
20151206,19.54,0.0,21.8
20151207,18.58,0.0,25.82
20151208,19.34,0.0,24.34
20151209,17.73,0.0,30.47
20151210,19.02,0.01,37.73
20151211,14.31,0.01,38.65
20151212,13.38,0.0,39.07
20151213,13.56,0.0,21.62
20151214,13.04,0.0,21.27
20151215,14.11,0.0,19.07
20151216,15.27,0.0,17.5
20151217,13.02,0.0,22.62
20151218,13.23,0.0,20.45
20151219,14.42,0.0,19.85
20151220,13.44,0.0,22.16
20151221,14.2,0.0,23.33
20151222,13.1,0.0,25.73
20151223,12.46,0.0,27.5
20151224,12.19,0.0,31.12
20151225,12.52,0.0,20.64
20151226,14.57,0.0,18.4
20151227,16.14,0.0,20.63
20151228,17.34,0.0,30.67
20151229,18.88,0.0,29.21
20151230,18.81,0.0,21.33
20151231,16.77,0.0,25.38
20160101,16.96,0.0,19.75
20160102,16.49,0.0,16.69
20160103,17.4,0.0,19.84
20160104,17.41,0.0,25.14
20160105,16.75,0.0,31.95
20160106,15.85,0.0,41.55
20160107,16.38,0.0,43.27
20160108,16.25,0.0,40.99
20160109,15.22,0.0,39.77
20160110,17.35,0.0,36.65
20160111,16.58,0.0,35.84
20160112,16.34,0.0,32.44
20160113,13.94,0.2,54.01
20160114,14.16,0.0,43.28
20160115,13.7,0.0,46.45
20160116,14.08,0.0,40.99
20160117,13.89,0.0,34.27
20160118,12.7,0.0,32.38
20160119,13.05,0.0,32.58
20160120,14.04,0.0,30.2
20160121,14.38,0.0,24.65
20160122,14.13,0.0,20.56
20160123,12.46,0.0,22.12
20160124,12.44,0.0,20.06
20160125,12.39,0.0,19.11
20160126,13.47,0.0,19.21
20160127,14.07,0.0,21.63
20160128,16.37,0.0,24.58
20160129,17.45,0.08,33.82
20160130,17.9,0.37,41.63
20160131,16.36,0.0,34.83
20160201,15.71,0.0,23.87
20160202,15.99,0.0,21.22
20160203,15.57,0.0,19.93
20160204,16.78,0.0,18.73
20160205,17.96,0.0,15.4
20160206,16.43,0.0,18.57
20160207,15.66,0.01,24.26
20160208,16.5,0.0,27.66
20160209,17.99,0.0,25.03
20160210,16.91,0.0,27.19
20160211,14.61,0.0,24.09
20160212,14.2,0.0,33.18
20160213,15.44,0.03,31.3
20160214,14.88,0.02,26.62
20160215,15.3,0.0,22.33
20160216,15.99,0.0,21.18
20160217,17.13,0.0,20.66
20160218,20.25,2.7,31.1
20160219,20.87,2.4,47.17
20160220,19.47,1.96,60.65
20160221,18.4,0.0,39.0
20160222,19.34,0.0,25.77
20160223,20.02,0.0,20.88
20160224,22.31,0.0,16.32
20160225,21.75,0.0,15.26
20160226,21.0,0.0,16.82
20160227,21.63,0.0,17.14
20160228,21.24,0.0,19.47
20160229,21.04,0.0,20.61
20160301,23.18,0.0,20.1
20160302,23.83,0.0,21.04
20160303,24.8,0.0,26.08
20160304,25.05,0.86,31.14
20160305,20.44,6.34,62.14
20160306,20.65,0.18,58.64
20160307,21.52,0.0,44.77
20160308,22.12,0.0,39.16
20160309,23.96,0.0,37.94
20160310,25.25,0.0,42.42
20160311,25.29,0.91,41.88
20160312,21.74,10.18,59.58
20160313,20.96,0.11,60.51
20160314,21.75,0.01,48.3
20160315,21.11,0.0,40.87
20160316,21.05,0.0,39.86
20160317,23.32,0.69,40.72
20160318,24.0,0.05,48.92
20160319,26.53,0.0,36.06
20160320,24.68,0.76,34.5
20160321,23.46,0.0,34.31
20160322,22.64,0.0,26.02
20160323,26.47,0.0,18.84
20160324,26.02,0.0,18.49
20160325,26.12,0.11,28.15
20160326,22.99,0.04,42.15
20160327,23.52,0.0,32.03
20160328,26.09,0.0,21.98
20160329,27.82,0.0,21.18
20160330,29.84,0.0,17.84
20160331,30.19,0.0,14.98
20160401,29.25,0.0,23.16
20160402,30.18,0.0,28.41
20160403,31.05,0.0,27.86
20160404,29.71,0.0,35.07
20160405,27.75,0.0,32.0
20160406,29.4,0.01,28.01
20160407,27.28,0.0,28.4
20160408,28.42,0.0,24.17
20160409,28.29,0.0,25.86
20160410,28.32,0.03,27.59
20160411,27.23,1.22,33.79
20160412,27.47,0.0,31.63
20160413,29.51,0.0,21.84
20160414,32.33,0.0,18.12
20160415,33.22,0.0,20.07
20160416,33.76,0.0,22.82
20160417,33.61,0.0,27.19
20160418,32.56,1.25,28.72
20160419,33.18,0.0,20.44
20160420,31.83,0.0,22.79
20160421,31.69,0.0,22.72
20160422,32.02,0.19,18.55
20160423,30.03,0.0,9.95
20160424,30.77,0.0,10.81
20160425,31.22,0.0,10.79
20160426,31.81,0.0,8.7
20160427,31.39,0.0,12.87
20160428,32.67,0.0,14.71
20160429,33.91,0.0,11.49
20160430,34.76,0.0,9.86
20160501,35.36,0.0,10.68
20160502,35.33,0.0,16.05
20160503,35.11,0.0,18.86
20160504,33.35,0.04,19.78
20160505,31.12,4.89,32.21
20160506,31.44,0.19,35.53
20160507,33.48,0.0,26.71
20160508,35.38,0.0,20.44
20160509,37.28,0.0,17.28
20160510,37.37,0.0,17.94
20160511,35.66,0.66,22.47
20160512,35.53,0.0,25.15
20160513,36.89,0.0,18.93
20160514,36.7,0.23,15.92
20160515,36.54,0.02,19.18
20160516,36.45,0.0,17.16
20160517,37.64,0.0,14.82
20160518,39.42,0.0,12.33
20160519,39.92,0.0,10.92
20160520,39.35,0.0,12.4
20160521,38.45,1.83,18.5
20160522,38.9,0.0,24.58
20160523,37.83,0.03,31.53
20160524,35.08,3.94,27.05
20160525,34.93,0.1,27.22
20160526,36.19,0.0,24.56
20160527,36.96,1.05,25.01
20160528,36.2,0.04,28.52
20160529,36.44,3.18,34.62
20160530,34.9,1.35,37.15
20160531,35.72,0.42,36.37
20160601,37.12,0.0,26.06
20160602,36.92,0.12,24.01
20160603,37.24,0.0,22.95
20160604,38.45,0.0,21.06
20160605,39.15,0.0,18.2
20160606,39.6,0.0,15.1
20160607,38.85,1.2,15.46
20160608,38.68,1.35,18.58
20160609,38.75,0.01,20.21
20160610,39.04,0.05,23.71
20160611,37.19,3.96,35.47
20160612,36.99,0.08,37.88
20160613,35.39,17.33,46.46
20160614,34.83,0.4,44.88
20160615,36.13,0.0,38.97
20160616,37.0,0.0,34.16
20160617,36.98,0.45,30.67
20160618,36.94,0.0,29.74
20160619,37.22,0.02,31.33
20160620,37.9,0.0,32.84
20160621,38.24,0.02,34.75
20160622,37.47,0.54,37.04
20160623,38.3,0.55,33.4
20160624,38.67,0.46,28.99
20160625,39.6,0.14,28.84
20160626,39.95,0.87,28.26
20160627,36.72,6.73,41.39
20160628,35.22,2.3,46.76
20160629,36.72,0.01,40.52
20160630,38.55,1.69,37.13
20160701,38.86,2.65,37.71
20160702,35.59,14.82,48.31
20160703,30.79,16.98,73.02
20160704,32.36,0.02,60.83
20160705,36.08,0.79,48.67
20160706,37.22,0.01,43.71
20160707,37.65,0.15,40.3
20160708,38.28,0.43,39.04
20160709,36.85,4.61,43.56
20160710,36.38,0.63,43.6
20160711,36.48,0.89,41.15
20160712,35.72,0.09,45.5
20160713,36.15,0.03,45.55
20160714,35.66,7.36,48.27
20160715,34.38,5.88,56.47
20160716,32.07,3.46,61.58
20160717,32.93,3.1,58.23
20160718,33.25,5.39,55.14
20160719,34.71,0.56,46.57
20160720,36.43,0.12,40.54
20160721,36.94,0.01,37.47
20160722,37.0,0.3,38.0
20160723,35.38,0.5,39.47
20160724,35.6,0.18,41.76
20160725,36.48,0.0,39.71
20160726,36.45,0.04,43.99
20160727,31.1,42.31,69.0
20160728,29.74,9.92,73.17
20160729,31.99,1.14,60.34
20160730,33.19,0.4,55.62
20160731,33.85,0.25,53.17
20160801,34.19,0.48,53.45
20160802,32.07,2.78,60.61
20160803,31.38,5.1,62.49
20160804,32.56,3.27,58.37
20160805,33.15,0.32,56.89
20160806,33.3,0.22,57.15
20160807,32.31,11.64,62.73
20160808,29.96,14.06,72.96
20160809,32.19,0.63,61.49
20160810,32.53,1.96,60.65
20160811,31.53,3.46,65.73
20160812,32.17,3.31,61.61
20160813,33.87,0.59,52.63
20160814,33.94,0.04,49.02
20160815,33.69,0.02,47.41
20160816,33.27,0.01,48.12
20160817,32.79,4.1,50.58
20160818,32.26,0.91,49.81
20160819,33.33,0.66,47.3
20160820,33.06,0.4,51.9
20160821,32.71,0.45,59.97
20160822,32.35,0.27,58.15
20160823,32.66,0.38,55.18
20160824,30.27,10.13,64.97
20160825,29.87,10.95,72.07
20160826,32.35,0.33,58.85
20160827,31.61,4.62,62.24
20160828,30.04,18.66,73.14
20160829,27.79,9.49,79.81
20160830,29.64,0.36,69.79
20160831,31.03,0.01,59.39
20160901,31.17,0.79,57.84
20160902,31.21,0.39,53.03
20160903,31.21,0.02,51.25
20160904,30.73,0.0,52.46
20160905,30.88,0.0,53.2
20160906,30.67,0.0,53.7
20160907,30.54,0.0,51.13
20160908,31.02,0.0,49.86
20160909,30.87,0.0,48.56
20160910,30.84,0.0,48.19
20160911,30.7,0.0,47.39
20160912,30.93,0.0,47.75
20160913,31.24,0.0,47.78
20160914,31.86,0.16,44.81
20160915,32.19,0.0,41.11
20160916,32.18,0.0,39.72
20160917,32.24,0.0,37.88
20160918,32.23,0.0,38.21
20160919,32.2,0.0,38.82
20160920,33.06,0.13,36.88
20160921,32.98,0.0,33.29
20160922,31.88,0.1,35.42
20160923,30.81,6.36,51.27
20160924,30.93,0.48,47.35
20160925,30.98,0.0,42.97
20160926,31.19,0.0,39.19
20160927,31.86,0.0,36.49
20160928,32.02,0.0,35.85
20160929,31.56,0.0,35.06
20160930,32.04,0.0,33.49
20161001,31.66,0.0,36.94
20161002,32.61,0.0,40.64
20161003,31.88,6.25,45.79
20161004,31.17,0.78,52.0
20161005,30.54,0.43,51.59
20161006,30.58,0.0,47.77
20161007,31.01,0.0,39.29
20161008,31.48,0.0,34.42
20161009,31.27,0.0,30.74
20161010,29.8,0.2,31.75
20161011,28.38,0.0,24.76
20161012,27.44,0.0,21.01
20161013,28.29,0.0,25.88
20161014,28.01,0.0,27.73
20161015,28.81,0.0,28.3
20161016,29.51,0.0,26.48
20161017,28.6,0.0,22.3
20161018,27.19,0.0,23.74
20161019,27.2,0.0,24.28
20161020,26.58,0.0,28.95
20161021,26.9,0.0,32.25
20161022,26.78,0.0,28.88
20161023,26.11,0.0,21.11
20161024,25.77,0.0,28.76
20161025,26.13,0.0,32.79
20161026,27.18,0.0,18.84
20161027,26.7,0.0,15.12
20161028,25.41,0.0,14.67
20161029,24.7,0.0,16.5
20161030,22.71,0.0,21.42
20161031,23.7,0.0,21.74
20161101,24.58,0.0,19.94
20161102,24.72,0.0,21.16
20161103,23.12,0.0,25.92
20161104,23.72,0.0,26.96
20161105,24.1,0.0,23.99
20161106,24.03,0.0,22.54
20161107,23.2,0.0,19.2
20161108,22.03,0.0,19.1
20161109,22.89,0.0,14.78
20161110,22.76,0.0,14.61
20161111,22.66,0.0,20.19
20161112,22.61,0.0,25.96
20161113,21.36,0.12,27.67
20161114,20.4,0.0,27.68
20161115,20.95,0.0,25.63
20161116,20.93,0.0,24.72
20161117,19.63,0.0,24.73
20161118,19.11,0.0,22.69
20161119,20.85,0.0,20.13
20161120,21.4,0.0,19.87
20161121,21.24,0.0,25.7
20161122,21.3,0.0,30.04
20161123,21.13,0.0,24.08
20161124,21.73,0.0,21.31
20161125,21.0,0.0,24.29
20161126,20.86,0.0,27.44
20161127,21.13,0.0,26.98
20161128,21.18,0.0,21.0
20161129,22.85,0.0,15.3
20161130,20.42,0.0,22.37
20161201,19.34,0.0,27.13
20161202,19.81,0.0,25.64
20161203,19.33,0.0,23.84
20161204,20.04,0.0,21.31
20161205,20.18,0.0,19.64
20161206,21.07,0.0,21.18
20161207,20.83,0.0,24.89
20161208,20.13,0.0,27.91
20161209,19.47,0.0,26.92
20161210,19.77,0.0,36.1
20161211,20.31,0.0,35.46
20161212,19.62,0.0,29.54
20161213,18.55,0.0,30.53
20161214,18.41,0.0,28.97
20161215,18.31,0.0,25.05
20161216,18.21,0.0,23.87
20161217,17.53,0.0,25.09
20161218,17.94,0.0,24.45
20161219,17.54,0.0,23.41
20161220,16.14,0.0,28.82
20161221,16.16,0.0,29.7
20161222,17.7,0.0,27.55
20161223,18.91,0.0,25.75
20161224,18.49,0.0,25.15
20161225,14.68,0.0,25.34
20161226,15.26,0.0,18.54
20161227,17.17,0.0,17.93
20161228,18.3,0.0,18.44
20161229,17.95,0.0,22.75
20161230,15.99,0.0,28.26
20161231,14.46,0.0,36.61
20170101,14.13,0.0,48.89
20170102,16.18,0.0,49.31
20170103,16.15,0.0,48.91
20170104,16.61,0.0,45.12
20170105,17.39,0.0,38.86
20170106,15.88,1.32,46.65
20170107,14.75,0.48,49.27
20170108,13.26,0.0,48.69
20170109,10.8,0.0,40.92
20170110,10.28,0.0,21.12
20170111,11.25,0.0,24.46
20170112,11.91,0.0,21.13
20170113,12.16,0.0,22.67
20170114,10.72,0.0,29.86
20170115,11.99,0.69,51.4
20170116,10.86,0.29,63.33
20170117,11.58,0.0,50.14
20170118,11.97,0.0,44.15
20170119,11.05,0.0,47.96
20170120,12.25,0.0,42.99
20170121,14.76,0.4,27.64
20170122,15.4,0.77,36.28
20170123,15.47,0.0,33.73
20170124,15.59,0.01,38.71
20170125,14.33,1.17,69.29
20170126,12.63,18.18,88.89
20170127,13.54,0.1,74.22
20170128,15.24,0.0,58.83
20170129,16.25,0.0,46.68
20170130,17.75,0.0,37.68
20170131,16.71,0.0,46.24
20170201,16.38,0.0,47.02
20170202,15.02,0.0,48.87
20170203,15.55,0.0,50.79
20170204,18.18,0.5,47.88
20170205,16.87,0.42,54.5
20170206,12.57,0.0,45.82
20170207,14.21,0.0,43.28
20170208,16.75,0.0,33.91
20170209,16.31,0.0,31.36
20170210,16.14,0.0,32.67
20170211,16.59,0.0,27.6
20170212,15.91,0.0,30.22
20170213,17.24,0.0,30.18
20170214,18.43,0.0,30.2
20170215,21.69,0.0,27.15
20170216,22.21,0.0,31.32
20170217,21.35,0.0,44.85
20170218,21.97,0.0,39.67
20170219,23.61,0.0,35.07
20170220,21.05,0.0,31.7
20170221,19.13,0.0,23.6
20170222,18.87,0.0,14.51
20170223,18.54,0.0,20.63
20170224,19.47,0.0,17.25
20170225,20.26,0.0,18.25
20170226,20.98,0.0,22.88
20170227,22.16,0.0,17.28
20170228,20.55,0.01,23.76
20170301,20.6,0.04,30.51
20170302,20.49,0.0,29.66
20170303,19.86,0.0,23.86
20170304,20.02,0.0,22.53
20170305,21.18,0.0,20.26
20170306,21.69,0.0,22.0
20170307,21.16,0.03,29.32
20170308,20.54,1.14,43.73
20170309,20.36,0.68,40.6
20170310,18.68,0.17,35.12
20170311,17.23,1.54,37.64
20170312,16.65,0.03,27.72
20170313,18.35,0.0,21.61
20170314,18.58,0.0,22.49
20170315,19.72,0.0,25.03
20170316,20.59,0.0,32.4
20170317,22.72,0.0,30.86
20170318,23.32,0.0,29.57
20170319,24.24,0.0,28.66
20170320,26.23,0.0,21.04
20170321,27.68,0.0,18.74
20170322,28.61,0.0,18.92
20170323,27.79,0.0,26.08
20170324,27.61,0.0,23.38
20170325,28.24,0.0,20.27
20170326,29.35,0.0,22.96
20170327,30.61,0.0,21.7
20170328,32.2,0.0,18.67
20170329,31.08,0.0,24.84
20170330,31.95,0.0,22.4
20170331,32.34,0.0,17.81
20170401,31.2,0.0,19.6
20170402,30.94,0.0,18.03
20170403,31.96,0.0,14.85
20170404,31.4,0.43,22.63
20170405,32.08,1.27,26.53
20170406,26.91,4.45,32.12
20170407,24.55,0.0,16.82
20170408,24.57,0.0,17.21
20170409,24.92,0.0,18.91
20170410,27.3,0.0,16.59
20170411,29.11,0.0,15.01
20170412,30.73,0.0,15.23
20170413,32.88,0.0,12.74
20170414,33.86,0.0,12.05
20170415,34.37,0.0,13.74
20170416,35.33,0.0,12.35
20170417,35.03,0.0,13.12
20170418,34.85,0.0,11.97
20170419,34.32,0.0,12.03
20170420,35.6,0.0,16.71
20170421,36.08,0.0,17.99
20170422,34.51,0.12,22.57
20170423,32.18,0.43,23.94
20170424,30.08,2.25,31.78
20170425,30.92,0.0,24.04
20170426,31.7,0.27,22.16
20170427,32.21,0.0,21.75
20170428,32.89,0.46,22.4
20170429,32.88,0.02,24.0
20170430,32.27,0.22,24.7
20170501,32.17,0.0,13.68
20170502,33.82,0.0,11.76
20170503,33.52,0.0,20.64
20170504,32.28,0.0,24.36
20170505,34.44,0.0,16.72
20170506,35.76,0.0,13.98
20170507,37.13,0.0,12.41
20170508,36.93,0.0,14.42
20170509,36.76,0.03,15.54
20170510,36.81,0.0,17.83
20170511,35.69,0.68,21.95
20170512,36.44,0.0,18.33
20170513,36.4,0.18,22.82
20170514,36.92,0.1,21.7
20170515,37.27,0.0,19.91
20170516,36.33,0.29,22.08
20170517,33.0,6.13,31.18
20170518,34.77,0.04,29.41
20170519,36.25,0.0,24.26
20170520,34.76,2.32,30.49
20170521,33.8,1.9,35.09
20170522,32.4,0.0,40.51
20170523,34.39,0.0,34.09
20170524,36.95,0.0,26.56
20170525,37.78,0.0,21.84
20170526,38.65,0.0,16.7
20170527,39.03,0.0,15.81
20170528,38.07,0.0,16.43
20170529,35.63,3.88,33.24
20170530,35.74,0.0,33.76
20170531,35.09,1.49,30.22
20170601,34.02,1.7,32.24
20170602,36.42,0.0,25.23
20170603,38.79,0.32,20.21
20170604,39.38,0.0,17.47
20170605,39.26,0.0,27.05
20170606,38.21,0.0,30.7
20170607,35.49,7.0,39.62
20170608,33.93,2.01,43.37
20170609,34.5,0.28,42.03
20170610,36.53,0.0,32.33
20170611,34.01,8.81,40.72
20170612,34.78,0.0,37.16
20170613,37.02,0.88,31.85
20170614,38.34,0.01,28.67
20170615,37.34,2.12,31.69
20170616,37.58,0.61,30.92
20170617,35.54,10.3,41.4
20170618,34.99,10.07,50.78
20170619,35.72,5.8,48.23
20170620,34.66,0.8,47.33
20170621,31.59,9.99,59.74
20170622,32.78,0.25,53.52
20170623,33.0,0.29,52.61
20170624,34.87,0.0,42.41
20170625,36.33,0.0,38.86
20170626,37.63,1.07,37.79
20170627,35.99,7.9,45.76
20170628,31.6,15.73,63.4
20170629,30.06,7.96,72.65
20170630,31.27,3.96,65.72
20170701,32.59,0.79,60.9
20170702,34.48,0.43,52.0
20170703,35.42,0.38,48.21
20170704,36.58,0.64,45.1
20170705,36.1,0.12,43.22
20170706,36.21,0.61,40.0
20170707,34.44,1.21,46.04
20170708,36.04,0.0,41.58
20170709,36.3,0.0,34.83
20170710,36.37,0.0,35.67
20170711,35.47,0.87,41.16
20170712,33.64,13.42,54.74
20170713,32.73,1.48,56.8
20170714,33.5,0.03,52.7
20170715,34.45,0.0,51.16
20170716,34.45,0.01,52.24
20170717,35.25,1.69,49.07
20170718,32.5,15.25,62.3
20170719,32.96,5.09,60.07
20170720,33.51,0.56,55.51
20170721,33.55,0.03,51.68
20170722,33.56,0.39,53.13
20170723,32.52,1.25,59.83
20170724,31.69,0.33,63.0
20170725,32.98,0.59,59.13
20170726,33.76,0.01,53.43
20170727,34.96,0.02,46.29
20170728,35.22,0.23,46.74
20170729,33.8,0.0,52.22
20170730,34.17,2.6,50.97
20170731,31.63,23.36,65.96
20170801,31.32,4.83,66.24
20170802,33.04,0.18,52.91
20170803,33.51,0.01,50.61
20170804,33.53,0.0,49.79
20170805,33.32,0.0,51.12
20170806,33.92,0.04,47.18
20170807,34.14,0.06,47.4
20170808,34.99,0.08,47.47
20170809,35.42,0.42,44.29
20170810,35.56,0.41,43.91
20170811,35.08,0.0,44.27
20170812,34.39,0.0,47.7
20170813,34.33,0.21,45.78
20170814,32.86,0.93,49.96
20170815,34.24,1.43,43.32
20170816,35.04,0.0,37.78
20170817,34.78,0.0,36.08
20170818,34.76,0.0,37.84
20170819,35.38,0.01,35.17
20170820,33.84,0.84,49.51
20170821,34.23,0.34,47.14
20170822,34.38,2.98,47.67
20170823,34.31,0.17,45.65
20170824,34.24,2.33,48.62
20170825,33.37,2.38,54.33
20170826,34.15,0.06,46.44
20170827,34.77,0.0,39.9
20170828,33.48,0.0,42.46
20170829,31.92,1.14,55.7
20170830,31.67,7.63,59.95
20170831,30.59,10.91,69.51
20170901,29.19,21.45,75.2
20170902,29.72,1.06,64.57
20170903,31.53,0.01,54.69
20170904,31.2,8.53,59.23
20170905,31.71,0.54,55.93
20170906,32.15,2.05,50.01
20170907,32.12,0.14,50.52
20170908,32.38,0.0,46.85
20170909,32.44,0.0,45.57
20170910,32.75,0.0,41.57
20170911,32.73,0.39,44.79
20170912,32.5,0.0,47.11
20170913,32.46,0.02,47.49
20170914,32.47,0.0,44.58
20170915,32.03,0.0,43.76
20170916,31.43,0.0,38.41
20170917,31.06,0.0,37.61
20170918,32.06,0.0,28.8
20170919,31.96,0.0,24.94
20170920,31.5,0.0,25.92
20170921,31.52,0.0,25.4
20170922,30.92,0.01,33.2
20170923,28.41,1.19,48.46
20170924,30.59,0.01,37.99
20170925,31.58,0.0,35.79
20170926,31.1,0.0,31.55
20170927,31.41,0.0,28.54
20170928,31.46,0.0,24.51
20170929,30.65,0.0,23.99
20170930,30.92,0.0,23.39
20171001,30.86,0.0,24.02
20171002,31.09,0.0,21.43
20171003,30.2,0.0,24.08
20171004,31.04,0.0,26.18
20171005,31.68,0.0,24.41
20171006,31.25,0.0,22.15
20171007,31.18,0.0,22.1
20171008,31.65,0.0,21.53
20171009,30.95,0.0,21.85
20171010,30.08,0.0,25.54
20171011,29.75,0.0,27.99
20171012,29.68,0.0,26.91
20171013,30.59,0.0,20.03
20171014,30.37,0.0,15.59
20171015,30.0,0.0,13.11
20171016,29.45,0.0,12.55
20171017,29.07,0.0,14.86
20171018,28.97,0.0,13.37
20171019,28.9,0.0,14.24
20171020,28.97,0.0,12.98
20171021,28.12,0.0,14.34
20171022,27.75,0.0,14.88
20171023,26.06,0.0,9.59
20171024,25.96,0.0,14.6
20171025,25.98,0.0,16.9
20171026,25.5,0.0,16.66
20171027,24.87,0.0,23.27
20171028,25.07,0.0,23.11
20171029,24.9,0.0,22.92
20171030,24.73,0.0,23.96
20171031,25.24,0.0,22.18
20171101,25.11,0.0,23.57
20171102,24.23,0.0,28.08
20171103,23.58,0.0,31.5
20171104,22.55,0.0,36.83
20171105,22.18,0.0,40.36
20171106,23.65,0.0,34.38
20171107,23.85,0.0,26.93
20171108,23.53,0.0,24.9
20171109,22.99,0.0,25.96
20171110,23.19,0.0,24.46
20171111,22.62,0.0,25.75
20171112,21.28,0.0,27.87
20171113,19.86,0.0,27.96
20171114,19.79,2.46,37.48
20171115,19.84,0.77,44.54
20171116,18.94,0.52,46.89
20171117,18.97,0.45,45.08
20171118,17.68,0.0,38.21
20171119,16.9,0.0,36.88
20171120,17.1,0.0,30.89
20171121,16.69,0.0,29.06
20171122,16.48,0.0,24.79
20171123,17.79,0.0,18.61
20171124,18.22,0.0,18.05
20171125,18.82,0.0,17.41
20171126,19.66,0.0,16.61
20171127,19.12,0.0,20.87
20171128,20.11,0.0,21.77
20171129,19.96,0.0,21.08
20171130,19.42,0.0,22.54
20171201,19.81,0.0,21.02
20171202,19.25,0.0,22.16
20171203,17.46,0.0,26.0
20171204,17.57,0.0,25.6
20171205,16.15,0.0,26.26
20171206,15.09,0.0,17.86
20171207,15.31,0.0,13.06
20171208,15.46,0.0,14.72
20171209,16.93,0.0,15.08
20171210,17.16,0.05,19.64
20171211,13.67,5.37,52.48
20171212,14.07,0.02,64.99
20171213,13.11,0.0,49.06
20171214,11.56,1.96,50.17
20171215,10.98,4.61,57.88
20171216,10.89,0.0,47.25
20171217,12.3,0.0,37.29
20171218,13.56,0.0,36.07
20171219,14.92,0.0,35.44
20171220,16.76,0.0,37.54
20171221,17.49,0.0,45.33
20171222,16.85,0.0,38.13
20171223,15.66,0.0,37.25
20171224,17.17,0.0,31.97
20171225,16.31,0.0,32.12
20171226,16.53,0.0,27.53
20171227,16.66,0.0,28.51
20171228,17.02,0.0,32.72
20171229,16.25,0.0,31.29
20171230,16.36,0.0,20.08
20171231,15.11,0.0,20.28
20180101,14.52,0.0,21.8
20180102,14.6,0.0,23.93
20180103,13.77,0.0,29.19
20180104,12.9,0.0,30.75
20180105,12.9,0.0,32.57
20180106,13.06,0.0,34.09
20180107,12.63,0.0,34.93
20180108,14.14,0.0,30.89
20180109,14.09,0.0,29.55
20180110,13.42,0.0,29.42
20180111,14.74,0.0,26.61
20180112,16.57,0.0,25.49
20180113,16.68,0.0,23.04
20180114,16.29,0.0,21.26
20180115,16.0,0.0,21.21
20180116,15.76,0.0,19.51
20180117,16.64,0.0,23.12
20180118,16.29,0.0,28.23
20180119,13.89,0.0,23.62
20180120,13.62,0.0,25.09
20180121,14.51,0.0,22.35
20180122,14.17,0.0,25.33
20180123,14.37,0.76,43.19
20180124,12.05,1.95,72.49
20180125,13.76,0.0,51.4
20180126,13.91,0.0,34.13
20180127,13.63,0.0,32.55
20180128,14.78,0.0,28.4
20180129,15.99,0.0,26.95
20180130,16.35,0.0,28.15
20180131,17.86,0.0,31.25
20180201,19.38,0.0,32.23
20180202,16.36,0.0,29.16
20180203,16.13,0.0,19.05
20180204,15.41,0.0,17.14
20180205,16.62,0.0,11.85
20180206,15.18,0.0,12.17
20180207,16.05,0.0,12.0
20180208,17.25,0.0,11.81
20180209,17.46,0.0,14.54
20180210,16.23,0.0,18.25
20180211,16.54,1.83,27.05
20180212,16.34,0.44,44.99
20180213,15.64,0.14,43.49
20180214,15.55,0.0,48.43
20180215,17.6,0.0,44.15
20180216,19.69,0.0,38.64
20180217,21.54,0.0,30.66
20180218,20.63,0.0,25.2
20180219,21.57,0.0,19.44
20180220,22.84,0.0,21.96
20180221,22.95,0.0,26.8
20180222,22.37,0.0,32.4
20180223,22.5,0.08,28.72
20180224,23.01,0.01,30.46
20180225,20.37,0.1,42.09
20180226,21.72,0.0,40.71
20180227,23.74,0.0,37.1
20180228,23.95,0.0,28.86
20180301,23.85,0.0,26.55
20180302,24.16,0.0,29.76
20180303,22.61,0.15,38.45
20180304,20.89,0.13,50.51
20180305,23.37,0.0,30.96
20180306,22.53,0.0,27.41
20180307,24.11,0.0,25.59
20180308,24.27,0.0,23.97
20180309,23.8,0.0,23.78
20180310,23.78,0.0,29.82
20180311,24.61,0.0,29.44
20180312,26.4,0.0,20.55
20180313,26.49,0.0,17.58
20180314,24.95,0.0,18.93
20180315,24.14,0.21,28.67
20180316,23.68,0.0,24.02
20180317,24.3,0.0,20.85
20180318,26.18,0.0,15.06
20180319,25.99,0.0,18.08
20180320,25.12,0.21,23.93
20180321,23.49,1.53,32.48
20180322,22.7,0.0,36.11
20180323,23.99,0.0,32.25
20180324,26.17,0.0,27.09
20180325,26.22,0.0,23.15
20180326,27.18,0.0,15.13
20180327,28.02,0.0,12.02
20180328,29.22,0.0,10.59
20180329,28.47,0.0,15.54
20180330,29.54,0.0,10.63
20180331,29.66,0.0,7.96
20180401,27.38,0.0,13.39
20180402,28.67,0.0,20.19
20180403,30.05,0.0,18.92
20180404,30.49,0.0,21.78
20180405,31.16,0.0,24.22
20180406,31.25,2.79,26.85
20180407,30.22,0.44,34.63
20180408,30.27,0.0,29.56
20180409,29.11,2.34,34.85
20180410,28.6,0.9,38.64
20180411,29.83,0.99,31.95
20180412,27.92,0.0,33.95
20180413,28.25,0.01,22.53
20180414,29.88,0.0,21.12
20180415,31.73,0.0,19.32
20180416,31.59,0.0,23.94
20180417,30.83,0.01,28.26
20180418,31.24,0.0,26.68
20180419,30.87,0.0,21.73
20180420,27.49,0.02,19.63
20180421,25.14,0.0,17.82
20180422,26.55,0.0,25.14
20180423,29.06,0.0,17.09
20180424,31.53,0.0,10.4
20180425,33.46,0.0,10.68
20180426,33.91,0.0,15.23
20180427,35.24,0.0,13.68
20180428,35.27,0.0,15.79
20180429,35.98,0.0,15.5
20180430,36.48,0.0,14.03
20180501,36.47,0.0,14.04
20180502,35.5,0.24,18.73
20180503,34.37,0.61,25.33
20180504,33.8,0.0,30.18
20180505,35.24,0.01,20.51
20180506,33.54,0.02,20.03
20180507,32.76,0.27,22.57
20180508,29.81,2.31,35.07
20180509,32.68,0.0,26.06
20180510,34.38,0.0,21.64
20180511,36.1,0.0,18.14
20180512,36.52,0.0,19.81
20180513,35.92,0.07,20.93
20180514,34.32,0.06,21.39
20180515,35.11,0.0,20.56
20180516,34.8,0.64,22.11
20180517,35.28,0.13,19.67
20180518,35.48,0.43,19.29
20180519,35.08,0.0,19.37
20180520,34.52,0.01,17.59
20180521,35.53,0.0,14.99
20180522,36.48,0.0,15.2
20180523,36.6,0.0,11.59
20180524,36.07,0.0,9.79
20180525,36.25,0.0,8.88
20180526,36.54,0.0,7.41
20180527,36.24,0.0,8.22
20180528,37.52,0.0,11.23
20180529,38.27,0.0,8.89
20180530,37.74,0.0,20.05
20180531,38.71,0.0,17.31
20180601,39.24,0.0,13.19
20180602,37.68,0.07,14.25
20180603,38.14,0.0,14.65
20180604,38.42,0.0,16.83
20180605,39.56,0.01,22.64
20180606,37.19,9.82,36.72
20180607,37.36,0.0,37.38
20180608,38.49,0.0,28.84
20180609,35.51,16.6,46.61
20180610,34.56,2.84,53.63
20180611,36.39,0.04,40.08
20180612,38.02,0.0,29.01
20180613,36.94,0.0,31.98
20180614,36.68,0.0,32.53
20180615,36.43,0.14,35.74
20180616,35.91,0.66,38.09
20180617,34.52,3.6,42.74
20180618,32.25,8.95,54.89
20180619,33.58,0.0,48.79
20180620,35.68,3.47,44.8
20180621,36.26,0.06,39.15
20180622,38.0,0.0,30.37
20180623,38.06,0.05,29.66
20180624,37.67,0.24,27.85
20180625,38.13,0.03,30.34
20180626,37.54,1.12,33.56
20180627,34.27,6.24,44.13
20180628,29.63,13.56,69.04
20180629,30.89,9.01,68.89
20180630,32.1,5.43,63.4
20180701,33.78,1.86,55.51
20180702,35.5,3.11,47.05
20180703,33.15,20.15,56.07
20180704,31.72,7.75,63.92
20180705,32.94,0.9,55.37
20180706,33.62,0.03,50.4
20180707,35.36,0.0,42.89
20180708,36.12,0.0,40.33
20180709,36.69,0.0,38.35
20180710,37.22,0.03,39.3
20180711,36.38,0.04,42.02
20180712,35.53,7.92,49.43
20180713,33.46,7.74,59.13
20180714,33.67,0.09,56.67
20180715,34.22,0.22,54.57
20180716,33.22,3.97,60.59
20180717,32.2,2.89,64.33
20180718,32.56,2.14,61.16
20180719,32.8,3.45,61.22
20180720,31.7,24.38,68.75
20180721,31.48,24.07,73.07
20180722,29.16,18.03,82.15
20180723,30.48,2.17,70.48
20180724,32.15,1.43,65.15
20180725,33.36,4.27,61.54
20180726,32.08,0.26,58.94
20180727,31.76,2.75,59.76
20180728,31.12,4.16,64.5
20180729,32.4,0.06,56.87
20180730,33.09,0.06,53.93
20180731,33.04,0.04,49.21
20180801,32.44,0.0,50.45
20180802,32.24,0.0,49.86
20180803,32.06,0.0,50.28
20180804,32.52,0.0,51.11
20180805,32.79,0.0,51.87
20180806,31.82,0.36,56.96
20180807,30.9,1.67,61.31
20180808,31.52,1.84,60.57
20180809,32.39,4.29,60.06
20180810,33.2,0.29,54.44
20180811,33.88,0.11,51.3
20180812,33.3,0.19,50.06
20180813,32.35,0.11,54.39
20180814,33.53,0.02,51.84
20180815,33.5,0.68,53.04
20180816,33.82,0.04,51.67
20180817,34.4,0.29,49.9
20180818,33.59,4.6,56.77
20180819,33.69,1.32,54.85
20180820,34.65,0.02,50.4
20180821,34.49,1.17,50.33
20180822,34.75,2.37,51.55
20180823,33.77,0.36,48.03
20180824,33.15,0.04,50.6
20180825,33.39,0.0,47.83
20180826,33.06,0.0,47.65
20180827,34.29,0.0,41.17
20180828,33.56,0.0,41.54
20180829,33.89,3.23,43.91
20180830,33.74,1.09,43.9
20180831,34.32,0.0,42.41
20180901,33.78,0.3,43.53
20180902,32.45,0.58,45.45
20180903,32.07,1.02,47.63
20180904,32.89,2.44,47.11
20180905,33.38,0.03,40.91
20180906,33.77,0.07,35.32
20180907,33.19,0.25,39.44
20180908,32.31,0.86,50.85
20180909,31.93,0.46,52.76
20180910,32.09,0.33,53.43
20180911,33.99,0.5,42.65
20180912,33.32,1.4,42.69
20180913,32.02,0.0,41.28
20180914,31.53,0.0,43.24
20180915,31.07,0.0,40.19
20180916,31.18,0.0,38.0
20180917,32.19,0.04,37.63
20180918,31.79,0.0,33.35
20180919,32.0,0.05,30.02
20180920,32.01,0.0,26.49
20180921,31.66,1.14,42.71
20180922,27.91,8.68,70.23
20180923,27.3,8.73,76.99
20180924,27.1,5.2,75.6
20180925,28.11,0.02,61.93
20180926,29.19,0.0,50.63
20180927,30.09,0.0,36.01
20180928,30.54,2.78,37.09
20180929,29.57,7.72,43.65
20180930,29.84,0.0,39.53
20181001,30.76,0.0,34.14
20181002,30.95,0.0,30.98
20181003,30.08,0.18,30.47
20181004,27.89,3.1,47.38
20181005,27.77,0.11,44.61
20181006,29.01,0.0,36.98
20181007,28.95,0.0,34.88
20181008,28.17,0.0,36.74
20181009,27.29,0.0,41.25
20181010,27.35,0.04,48.66
20181011,27.05,0.0,44.8
20181012,25.72,0.0,45.38
20181013,26.52,0.0,29.71
20181014,27.12,0.0,24.52
20181015,26.48,0.0,26.34
20181016,26.08,0.0,34.87
20181017,27.02,0.0,25.46
20181018,26.53,0.0,22.72
20181019,25.87,0.0,29.21
20181020,25.62,0.0,27.87
20181021,25.01,0.0,26.69
20181022,25.58,0.0,22.82
20181023,25.9,0.0,19.96
20181024,24.2,0.0,29.3
20181025,24.24,0.0,31.9
20181026,24.91,0.0,31.57
20181027,25.19,0.0,30.09
20181028,24.96,0.0,32.56
20181029,25.7,0.0,30.35
20181030,25.0,0.0,28.76
20181031,24.41,0.0,34.23
20181101,24.94,0.0,31.6
20181102,25.17,0.0,33.11
20181103,24.15,0.03,34.72
20181104,20.0,0.0,27.42
20181105,19.73,0.0,21.35
20181106,18.57,0.0,20.3
20181107,20.48,0.0,14.11
20181108,21.3,0.0,15.52
20181109,21.08,0.0,20.6
20181110,20.66,0.0,24.4
20181111,22.04,0.0,27.03
20181112,22.46,0.0,28.25
20181113,23.32,0.03,27.76
20181114,21.03,0.59,41.19
20181115,20.38,0.05,41.32
20181116,20.15,0.0,34.27
20181117,21.28,0.0,25.35
20181118,21.95,0.0,25.06
20181119,22.17,0.0,34.3
20181120,20.62,0.0,40.04
20181121,20.3,0.0,29.63
20181122,20.66,0.0,25.92
20181123,19.7,0.0,31.93
20181124,19.11,0.0,34.27
20181125,20.96,0.0,27.4
20181126,21.99,0.0,23.18
20181127,20.88,0.0,25.81
20181128,20.81,0.0,34.52
20181129,20.96,0.0,33.56
20181130,20.31,0.0,32.6
20181201,19.61,0.0,30.82
20181202,19.45,0.0,27.07
20181203,19.55,0.0,25.69
20181204,18.88,0.0,29.16
20181205,19.02,0.0,28.71
20181206,18.28,0.0,32.32
20181207,18.08,0.0,34.06
20181208,16.87,0.0,34.85
20181209,16.87,0.0,35.21
20181210,17.22,0.05,36.27
20181211,17.16,0.69,44.85
20181212,14.93,0.34,56.88
20181213,13.59,0.0,62.58
20181214,13.37,0.0,50.44
20181215,13.13,0.0,39.06
20181216,13.71,0.0,32.99
20181217,13.96,0.0,27.62
20181218,14.06,0.0,25.51
20181219,14.38,0.0,22.48
20181220,15.53,0.0,17.5
20181221,15.07,0.0,17.26
20181222,13.73,0.0,20.32
20181223,11.52,0.0,35.77
20181224,11.52,0.0,34.26
20181225,12.6,0.0,29.05
20181226,12.56,0.0,28.04
20181227,11.04,0.0,29.39
20181228,11.85,0.0,28.54
20181229,14.23,0.0,22.47
20181230,13.94,0.0,22.43
20181231,12.62,0.0,27.68
20190101,13.24,0.0,26.35
20190102,12.75,0.0,34.16
20190103,12.87,0.0,51.65
20190104,11.53,0.0,47.06
20190105,12.54,0.24,43.22
20190106,11.64,1.25,61.27
20190107,12.18,0.0,64.12
20190108,13.16,0.0,45.34
20190109,13.21,0.0,41.31
20190110,13.86,0.0,37.66
20190111,14.29,0.01,33.33
20190112,14.69,0.48,36.62
20190113,13.4,0.63,54.06
20190114,10.93,0.0,37.4
20190115,12.99,0.0,27.91
20190116,14.54,0.0,24.49
20190117,13.92,0.0,26.0
20190118,13.73,0.0,28.53
20190119,14.07,0.0,32.69
20190120,17.14,0.0,33.58
20190121,13.33,2.51,67.45
20190122,12.48,1.25,69.92
20190123,11.73,0.32,62.77
20190124,11.34,0.0,56.02
20190125,11.26,0.26,47.76
20190126,11.3,0.0,39.39
20190127,10.8,0.0,41.46
20190128,10.79,0.0,37.48
20190129,12.51,0.0,28.18
20190130,13.94,0.0,28.25
20190131,11.8,1.5,48.17
20190201,10.72,0.01,67.35
20190202,11.78,0.02,60.41
20190203,14.0,0.0,44.83
20190204,15.79,0.0,32.14
20190205,17.11,0.0,33.8
20190206,17.2,0.06,39.48
20190207,13.64,2.99,57.06
20190208,12.31,0.0,43.96
20190209,11.93,0.0,48.88
20190210,14.18,0.0,36.37
20190211,13.85,0.0,36.14
20190212,15.1,0.0,34.15
20190213,16.32,0.0,36.19
20190214,16.29,0.3,46.57
20190215,14.44,0.52,62.64
20190216,14.7,0.0,46.54
20190217,16.15,0.0,34.18
20190218,16.76,0.36,39.53
20190219,16.24,0.44,56.04
20190220,19.63,1.95,52.99
20190221,17.3,0.64,69.18
20190222,15.35,0.0,43.29
20190223,14.94,0.0,38.72
20190224,17.32,0.0,26.76
20190225,16.9,0.0,25.44
20190226,15.0,3.32,35.58
20190227,14.97,0.08,41.28
20190228,15.29,0.0,36.24
20190301,16.58,0.0,33.15
20190302,15.54,2.04,52.62
20190303,16.07,1.05,65.98
20190304,16.67,0.01,60.47
20190305,18.28,0.0,40.89
20190306,19.62,0.0,28.63
20190307,19.98,0.0,29.6
20190308,18.73,0.52,45.49
20190309,18.31,0.0,48.46
20190310,19.34,0.0,28.82
20190311,18.16,2.43,37.07
20190312,17.98,0.03,46.41
20190313,18.92,0.58,42.86
20190314,18.78,0.89,42.57
20190315,18.81,0.0,43.5
20190316,18.94,0.0,38.06
20190317,20.84,0.0,32.3
20190318,21.99,0.0,25.08
20190319,23.94,0.0,27.66
20190320,22.74,0.0,30.94
20190321,22.55,0.0,33.35
20190322,22.84,0.0,28.4
20190323,23.91,0.0,29.49
20190324,22.38,0.0,46.17
20190325,22.49,0.0,37.85
20190326,25.16,0.0,31.43
20190327,26.54,0.0,21.52
20190328,29.42,0.0,23.2
20190329,30.15,0.0,27.48
20190330,30.05,0.0,24.53
20190331,26.72,0.22,14.57
20190401,27.96,0.0,14.82
20190402,30.36,0.0,12.88
20190403,31.22,0.0,14.96
20190404,32.87,0.0,16.3
20190405,31.96,0.0,22.91
20190406,32.23,0.25,24.32
20190407,31.03,0.0,28.04
20190408,30.97,0.0,20.08
20190409,31.07,0.0,22.73
20190410,31.88,0.01,21.59
20190411,31.73,0.0,26.31
20190412,30.59,0.03,31.15
20190413,31.75,1.23,30.33
20190414,31.66,0.0,32.89
20190415,31.92,5.41,35.1
20190416,26.09,3.22,59.03
20190417,21.88,8.58,69.74
20190418,22.8,0.0,52.87
20190419,25.71,0.0,44.18
20190420,28.86,0.0,33.4
20190421,30.97,0.0,30.45
20190422,32.69,0.0,28.01
20190423,34.48,0.0,22.05
20190424,34.16,0.0,21.25
20190425,32.63,0.07,26.91
20190426,33.6,0.11,27.09
20190427,33.48,0.0,24.48
20190428,34.09,0.0,17.15
20190429,34.05,0.0,18.31
20190430,33.62,0.0,15.8
20190501,32.84,0.01,21.05
20190502,32.43,0.0,18.53
20190503,31.85,0.25,18.38
20190504,32.12,0.0,18.3
20190505,33.8,0.0,12.93
20190506,33.61,0.0,10.48
20190507,34.12,0.0,12.4
20190508,34.88,0.0,16.88
20190509,34.7,0.0,24.8
20190510,34.64,0.04,25.86
20190511,31.53,0.72,32.61
20190512,33.41,0.01,29.91
20190513,34.82,1.65,23.87
20190514,30.82,27.47,47.79
20190515,31.85,1.98,41.2
20190516,29.87,0.74,46.77
20190517,29.0,12.29,52.34
20190518,29.42,0.03,48.34
20190519,32.37,0.0,33.5
20190520,32.85,0.0,32.24
20190521,33.27,0.0,31.07
20190522,34.09,0.0,30.67
20190523,33.49,5.91,37.95
20190524,32.1,1.54,43.36
20190525,31.22,0.0,41.07
20190526,32.99,0.0,32.33
20190527,35.04,0.0,24.74
20190528,36.27,0.0,21.05
20190529,37.68,0.0,18.0
20190530,37.57,0.0,17.43
20190531,38.67,0.0,18.06
20190601,38.99,0.0,17.21
20190602,39.56,0.0,12.57
20190603,39.69,0.0,13.74
20190604,39.06,0.0,17.5
20190605,39.09,0.0,15.65
20190606,38.01,0.0,15.44
20190607,37.39,0.01,15.32
20190608,38.64,0.0,14.61
20190609,39.38,0.0,13.74
20190610,39.7,0.0,12.84
20190611,39.65,0.0,17.47
20190612,38.96,0.04,19.41
20190613,37.59,0.11,23.6
20190614,37.43,0.0,17.21
20190615,38.18,2.37,28.22
20190616,34.3,17.69,44.71
20190617,34.69,2.09,42.13
20190618,32.73,4.68,49.33
20190619,33.37,0.06,44.87
20190620,34.66,0.0,35.02
20190621,34.51,0.76,37.57
20190622,36.4,0.0,32.1
20190623,37.0,0.02,29.54
20190624,35.73,4.09,38.66
20190625,35.69,1.85,42.33
20190626,37.33,0.0,34.63
20190627,37.7,1.74,33.43
20190628,38.22,0.06,31.25
20190629,38.33,0.0,28.51
20190630,38.59,0.0,28.55
20190701,38.95,0.41,27.91
20190702,38.81,0.33,28.18
20190703,39.47,0.05,26.4
20190704,39.17,0.03,25.85
20190705,37.86,0.49,36.16
20190706,37.38,5.15,40.8
20190707,37.44,1.7,38.44
20190708,38.9,0.37,34.52
20190709,37.69,1.66,33.42
20190710,37.72,0.28,34.13
20190711,37.2,0.78,35.57
20190712,37.08,0.48,35.3
20190713,37.16,1.12,34.87
20190714,36.09,1.33,38.85
20190715,35.28,2.63,43.45
20190716,34.21,7.7,47.24
20190717,32.36,7.98,58.85
20190718,33.17,3.76,57.91
20190719,32.54,1.95,58.1
20190720,33.8,0.89,53.52
20190721,34.16,4.66,52.56
20190722,34.46,2.81,54.76
20190723,35.74,0.89,47.58
20190724,36.41,6.95,47.92
20190725,32.63,19.47,66.35
20190726,29.85,10.12,76.98
20190727,30.87,0.4,67.6
20190728,30.59,13.67,74.53
20190729,32.04,1.21,67.94
20190730,33.35,0.16,59.15
20190731,33.54,0.73,56.81
20190801,32.1,5.7,62.95
20190802,31.8,15.65,70.34
20190803,32.16,0.22,64.31
20190804,33.48,0.39,56.29
20190805,35.06,0.07,52.49
20190806,35.23,2.07,52.23
20190807,33.31,1.02,59.37
20190808,32.11,0.52,61.04
20190809,33.21,0.53,56.89
20190810,32.09,0.07,60.98
20190811,33.23,0.03,59.48
20190812,34.51,0.56,53.92
20190813,34.44,2.81,51.75
20190814,34.5,0.02,49.8
20190815,32.66,0.71,59.94
20190816,31.35,2.55,63.6
20190817,28.8,11.22,78.71
20190818,31.16,0.67,64.08
20190819,32.0,1.38,59.31
20190820,32.82,0.03,54.54
20190821,33.93,0.02,44.34
20190822,34.21,0.01,43.55
20190823,34.53,0.09,41.35
20190824,35.37,0.43,41.29
20190825,33.79,2.58,49.47
20190826,31.58,1.15,60.94
20190827,32.91,0.37,55.0
20190828,34.42,0.02,51.93
20190829,34.44,0.39,52.87
20190830,33.91,0.72,52.03
20190831,34.45,3.93,51.4
20190901,33.1,5.35,58.45
20190902,31.56,0.21,64.2
20190903,33.96,0.48,51.64
20190904,34.41,1.72,52.23
20190905,34.13,0.54,53.89
20190906,34.66,0.02,51.28
20190907,34.54,0.0,51.21
20190908,33.84,0.0,53.29
20190909,35.46,0.0,43.1
20190910,34.91,0.0,40.43
20190911,35.25,0.0,38.84
20190912,36.0,0.04,38.64
20190913,35.15,0.0,45.34
20190914,35.77,0.0,42.48
20190915,34.76,0.0,42.65
20190916,35.23,0.0,39.88
20190917,35.66,0.0,35.05
20190918,35.28,0.0,36.59
20190919,32.74,0.0,46.49
20190920,31.78,0.0,50.58
20190921,32.44,0.0,46.79
20190922,32.22,0.05,48.14
20190923,31.75,0.06,50.13
20190924,32.02,0.0,48.68
20190925,32.19,0.02,49.53
20190926,32.02,0.01,50.25
20190927,32.12,0.12,48.48
20190928,30.18,8.48,59.31
20190929,28.29,9.58,68.33
20190930,28.13,0.06,64.93
20191001,28.47,0.62,62.84
20191002,28.71,0.1,58.47
20191003,27.87,1.91,60.06
20191004,25.89,0.66,64.73
20191005,26.47,0.0,60.56
20191006,25.3,0.33,65.55
20191007,25.94,0.0,52.73
20191008,26.92,0.0,47.61
20191009,27.66,0.0,40.29
20191010,26.52,0.0,46.38
20191011,27.57,0.0,41.07
20191012,28.12,0.0,42.25
20191013,28.36,0.0,41.58
20191014,29.42,0.0,36.9
20191015,28.63,0.0,36.0
20191016,28.24,0.0,36.22
20191017,28.19,0.05,35.17
20191018,27.9,0.28,43.19
20191019,26.73,0.03,38.99
20191020,25.45,0.0,43.12
20191021,26.02,0.0,33.83
20191022,26.82,0.0,29.82
20191023,26.87,0.0,23.28
20191024,26.13,0.0,25.49
20191025,25.11,0.0,35.58
20191026,25.13,0.0,38.02
20191027,25.91,0.0,34.02
20191028,26.75,0.0,28.72
20191029,26.37,0.0,26.05
20191030,27.86,0.0,27.71
20191031,27.54,0.0,29.97
20191101,26.48,0.0,34.52
20191102,25.93,1.83,40.18
20191103,25.07,0.17,47.8
20191104,24.82,0.0,48.13
20191105,25.03,0.0,39.97
20191106,24.79,0.01,34.03
20191107,22.78,3.19,55.54
20191108,21.31,1.45,51.68
20191109,20.23,0.0,45.12
20191110,20.9,0.0,31.02
20191111,20.63,0.0,30.6
20191112,20.59,0.0,33.85
20191113,21.9,0.01,36.28
20191114,20.08,8.08,53.22
20191115,19.34,1.14,70.8
20191116,18.35,6.21,76.25
20191117,19.07,0.0,62.88
20191118,19.73,0.0,56.41
20191119,20.4,0.0,45.33
20191120,19.97,0.0,40.36
20191121,18.51,0.0,48.2
20191122,19.15,0.0,49.27
20191123,19.21,0.0,63.86
20191124,19.16,0.0,53.54
20191125,18.05,0.0,45.16
20191126,16.98,4.4,65.28
20191127,17.27,3.1,81.88
20191128,17.63,0.09,77.18
20191129,16.02,0.0,62.74
20191130,15.36,0.0,48.2
20191201,15.81,0.0,38.21
20191202,16.46,0.0,35.38
20191203,17.07,0.0,32.51
20191204,17.37,0.0,34.23
20191205,15.86,0.0,40.16
20191206,16.13,0.0,37.77
20191207,16.81,0.0,35.92
20191208,17.33,0.0,32.46
20191209,16.8,0.0,32.65
20191210,17.26,0.0,31.0
20191211,15.46,0.03,38.46
20191212,13.19,6.73,73.7
20191213,13.4,3.42,77.22
20191214,13.1,0.0,64.79
20191215,12.25,0.0,62.88
20191216,11.21,0.0,62.09
20191217,12.05,0.0,53.25
20191218,12.07,0.0,48.4
20191219,12.79,0.0,46.1
20191220,15.53,0.0,39.42
20191221,14.0,0.0,53.27
20191222,13.19,0.0,49.74
20191223,12.85,0.0,43.64
20191224,11.5,0.0,44.18
20191225,11.16,0.0,43.2
20191226,12.31,0.0,35.32
20191227,10.28,0.0,39.58
20191228,9.23,0.0,41.28
20191229,8.23,0.0,43.83
20191230,8.31,0.0,44.73
20191231,6.94,0.0,54.16
20200101,8.53,0.0,50.56
20200102,10.57,0.0,55.83
20200103,12.25,0.0,53.15
20200104,14.08,0.0,41.32
20200105,13.47,0.0,47.58
20200106,11.84,6.36,67.39
20200107,11.57,14.04,87.53
20200108,10.82,0.1,77.22
20200109,9.77,0.0,58.74
20200110,10.25,0.0,47.24
20200111,11.74,0.0,42.99
20200112,12.87,0.0,39.82
20200113,9.9,11.18,72.63
20200114,9.29,0.01,72.3
20200115,9.31,0.0,66.55
20200116,10.02,0.0,56.46
20200117,11.71,0.0,50.33
20200118,11.88,0.0,49.73
20200119,11.16,0.0,54.91
20200120,11.36,0.0,55.95
20200121,11.63,0.0,61.94
20200122,11.22,0.0,62.99
20200123,11.09,0.0,59.1
20200124,11.67,0.0,49.29
20200125,15.06,0.17,52.11
20200126,15.13,0.01,58.34
20200127,14.11,4.73,70.87
20200128,13.78,2.25,78.68
20200129,13.69,0.01,56.11
20200130,13.19,0.0,51.87
20200131,13.62,0.0,48.65
20200201,12.72,0.0,51.23
20200202,13.17,0.0,47.29
20200203,13.6,0.0,42.01
20200204,11.8,0.0,51.96
20200205,10.83,0.0,65.03
20200206,12.68,0.0,53.09
20200207,12.45,0.0,52.33
20200208,13.79,0.0,46.36
20200209,14.91,0.0,42.03
20200210,15.39,0.0,41.42
20200211,15.34,0.0,44.16
20200212,16.33,0.0,47.68
20200213,17.46,0.0,54.87
20200214,16.24,0.0,45.48
20200215,16.74,0.0,31.91
20200216,19.95,0.0,22.7
20200217,20.07,0.0,22.7
20200218,19.38,0.0,24.93
20200219,19.29,0.0,26.68
20200220,17.11,0.0,41.64
20200221,16.02,2.23,66.67
20200222,16.86,0.0,65.88
20200223,18.39,0.0,57.32
20200224,19.92,0.0,45.86
20200225,20.23,0.0,43.41
20200226,20.98,0.0,42.99
20200227,21.52,0.0,41.33
20200228,21.84,0.09,46.66
20200229,21.14,0.77,51.58
20200301,21.12,0.06,59.04
20200302,21.1,0.0,49.24
20200303,21.56,0.0,43.39
20200304,22.02,0.06,36.2
20200305,19.74,7.38,68.94
20200306,16.32,20.14,80.51
20200307,16.29,2.76,71.6
20200308,17.95,0.01,58.53
20200309,18.39,0.0,54.2
20200310,19.53,0.17,47.45
20200311,18.6,11.39,67.31
20200312,18.45,2.72,61.19
20200313,16.99,1.02,54.35
20200314,16.33,0.54,60.55
20200315,17.42,0.0,55.91
20200316,20.6,0.0,47.54
20200317,22.02,0.0,47.26
20200318,22.64,0.0,47.95
20200319,23.72,0.0,50.41
20200320,23.4,0.01,53.51
20200321,23.83,0.11,52.17
20200322,23.66,0.0,53.55
20200323,22.97,0.39,55.35
20200324,23.14,0.45,59.77
20200325,24.44,1.76,53.59
20200326,20.59,3.22,74.26
20200327,18.95,24.63,84.45
20200328,21.34,0.11,60.97
20200329,22.38,0.0,52.22
20200330,21.9,0.0,55.01
20200331,21.45,0.09,61.8
20200401,22.79,0.12,62.13
20200402,22.47,0.0,51.28
20200403,22.49,0.0,48.67
20200404,24.05,0.0,45.84
20200405,24.42,0.03,46.19
20200406,25.16,0.01,46.01
20200407,24.04,0.98,52.13
20200408,23.15,0.1,53.78
20200409,25.05,0.0,44.7
20200410,27.78,0.0,40.93
20200411,27.94,0.0,47.53
20200412,28.73,0.0,47.59
20200413,29.82,0.0,42.19
20200414,31.2,0.0,32.78
20200415,30.47,0.0,36.14
20200416,29.52,0.0,31.86
20200417,28.69,1.74,38.29
20200418,28.78,1.06,41.24
20200419,27.24,0.0,44.43
20200420,26.36,0.62,48.48
20200421,27.01,0.08,46.57
20200422,29.63,0.07,35.01
20200423,29.57,1.6,40.63
20200424,30.95,0.22,36.3
20200425,30.47,1.97,41.48
20200426,30.7,0.07,38.68
20200427,29.77,0.72,39.23
20200428,29.71,0.35,43.07
20200429,32.09,0.03,36.1
20200430,32.92,0.32,35.48
20200501,34.82,0.0,29.81
20200502,35.14,0.05,24.79
20200503,33.63,3.95,30.62
20200504,30.81,4.25,41.04
20200505,31.52,0.03,35.65
20200506,30.79,1.45,36.41
20200507,31.04,0.45,33.53
20200508,33.64,0.0,27.53
20200509,34.72,0.0,24.56
20200510,34.26,0.45,26.07
20200511,32.59,1.34,38.24
20200512,32.83,0.39,37.7
20200513,32.92,1.9,37.22
20200514,33.41,0.91,37.74
20200515,31.62,0.58,43.26
20200516,33.03,0.0,32.41
20200517,33.02,0.0,20.93
20200518,33.07,0.0,18.48
20200519,33.1,0.0,20.99
20200520,32.64,0.0,23.11
20200521,34.75,0.0,18.48
20200522,37.31,0.0,17.81
20200523,37.47,0.0,16.7
20200524,37.64,0.0,18.68
20200525,38.08,0.0,16.93
20200526,38.18,0.0,17.22
20200527,38.23,0.0,14.33
20200528,37.16,0.0,17.79
20200529,35.68,0.51,25.77
20200530,30.94,14.41,50.39
20200531,30.28,0.58,53.71
20200601,30.75,2.63,51.77
20200602,29.65,15.93,58.92
20200603,30.63,0.01,52.12
20200604,31.66,0.04,45.08
20200605,31.61,0.94,46.76
20200606,32.52,0.18,42.19
20200607,33.06,1.04,42.89
20200608,34.57,0.13,38.58
20200609,36.79,0.27,34.73
20200610,37.83,0.28,32.96
20200611,38.39,0.88,32.51
20200612,38.45,5.4,33.38
20200613,35.68,4.11,39.13
20200614,36.1,0.0,33.38
20200615,37.97,0.0,26.52
20200616,38.52,0.05,21.27
20200617,38.34,0.0,19.16
20200618,38.96,0.0,21.75
20200619,39.01,0.01,28.87
20200620,38.46,2.28,32.18
20200621,38.5,0.78,32.2
20200622,38.08,2.01,31.07
20200623,37.75,0.0,35.26
20200624,37.43,0.16,40.8
20200625,36.99,5.94,45.51
20200626,36.5,4.6,47.44
20200627,36.93,0.0,38.15
20200628,37.99,0.06,36.36
20200629,37.79,0.07,36.21
20200630,38.67,0.0,30.08
20200701,38.15,2.67,36.04
20200702,39.17,0.02,32.99
20200703,40.6,0.0,29.44
20200704,40.48,2.42,28.83
20200705,36.51,0.23,42.05
20200706,35.73,0.78,40.15
20200707,35.83,0.55,39.66
20200708,33.24,6.9,57.56
20200709,34.99,1.02,49.58
20200710,37.26,1.7,39.84
20200711,36.23,1.0,44.7
20200712,32.3,32.86,66.23
20200713,33.0,0.3,60.24
20200714,35.81,0.15,46.74
20200715,35.64,0.01,44.66
20200716,34.45,0.39,52.87
20200717,34.7,0.0,54.62
20200718,34.97,6.3,56.34
20200719,35.49,2.83,53.11
20200720,35.41,4.36,48.97
20200721,31.5,27.52,67.53
20200722,31.02,1.92,65.66
20200723,32.94,1.47,55.84
20200724,33.06,1.31,53.19
20200725,32.62,0.02,57.77
20200726,34.14,0.38,53.07
20200727,35.07,0.01,48.91
20200728,36.39,0.0,45.41
20200729,36.41,0.76,44.81
20200730,34.72,11.05,54.36
20200731,33.47,5.93,60.28
20200801,33.48,0.75,57.55
20200802,35.23,0.26,50.65
20200803,36.81,0.41,46.22
20200804,36.8,0.05,44.92
20200805,36.19,0.01,47.29
20200806,33.79,0.34,56.84
20200807,33.03,0.58,61.36
20200808,33.9,0.84,58.22
20200809,33.99,12.77,60.19
20200810,33.75,4.41,61.28
20200811,32.14,6.97,68.0
20200812,34.94,0.4,55.72
20200813,35.15,4.27,55.52
20200814,34.12,1.31,60.81
20200815,33.25,0.09,61.3
20200816,34.31,0.0,55.88
20200817,35.33,0.05,53.72
20200818,33.44,14.72,65.04
20200819,33.1,11.25,66.43
20200820,29.86,14.71,80.51
20200821,29.71,0.88,71.05
20200822,31.44,0.07,65.96
20200823,31.63,0.04,64.13
20200824,31.54,0.02,67.02
20200825,31.79,0.02,64.67
20200826,31.84,1.81,63.84
20200827,32.13,1.71,59.32
20200828,32.44,1.09,55.81
20200829,32.18,1.19,58.85
20200830,31.49,1.44,62.88
20200831,30.02,6.87,69.33
20200901,30.15,6.27,71.09
20200902,30.37,1.35,67.54
20200903,29.95,11.97,68.39
20200904,29.07,4.96,77.54
20200905,28.17,11.17,81.82
20200906,30.0,3.07,70.36
20200907,31.71,0.04,59.74
20200908,31.58,0.0,58.58
20200909,32.09,0.0,52.6
20200910,32.45,0.0,50.65
20200911,32.99,0.0,46.38
20200912,32.41,0.0,51.25
20200913,31.81,0.0,49.12
20200914,31.93,0.0,44.64
20200915,32.57,0.0,44.4
20200916,33.32,0.0,48.84
20200917,33.7,0.0,48.5
20200918,33.37,0.0,49.86
20200919,32.49,1.91,51.6
20200920,31.6,0.0,51.53
20200921,31.16,0.0,44.72
20200922,31.44,0.0,37.82
20200923,31.53,0.0,45.57
20200924,32.44,0.0,47.0
20200925,32.33,0.0,36.41
20200926,31.09,0.35,39.17
20200927,30.84,0.01,36.56
20200928,31.3,0.0,36.06
20200929,31.06,0.0,36.88
20200930,30.62,0.0,35.66
20201001,30.93,0.0,31.77
20201002,30.01,0.0,31.08
20201003,30.17,0.0,24.08
20201004,29.24,0.0,26.78
20201005,29.99,0.0,24.04
20201006,29.8,0.0,27.64
20201007,29.49,0.0,27.61
20201008,29.27,0.0,25.16
20201009,30.26,0.0,23.22
20201010,30.37,0.0,23.18
20201011,30.03,0.0,19.33
20201012,29.87,0.0,18.01
20201013,29.62,0.0,18.48
20201014,28.65,0.0,25.24
20201015,27.99,0.0,24.06
20201016,27.5,0.0,19.94
20201017,27.59,0.0,20.33
20201018,27.75,0.0,18.91
20201019,27.78,0.0,16.76
20201020,27.51,0.0,17.33
20201021,27.77,0.11,23.06
20201022,26.7,0.11,32.29
20201023,26.35,0.0,26.82
20201024,26.29,0.0,16.8
20201025,26.04,0.0,19.09
20201026,24.73,0.0,22.51
20201027,24.68,0.0,23.5
20201028,24.5,0.0,19.88
20201029,23.53,0.0,19.83
20201030,23.85,0.0,20.42
20201031,24.19,0.0,21.95
20201101,23.44,0.0,20.92
20201102,22.94,0.0,21.69
20201103,24.18,0.0,18.58
20201104,23.51,0.0,17.77
20201105,23.83,0.0,18.92
20201106,23.55,0.0,20.71
20201107,23.51,0.0,22.37
20201108,23.88,0.0,22.58
20201109,22.66,0.0,23.81
20201110,21.19,0.0,28.31
20201111,20.94,0.0,33.29
20201112,21.95,0.0,28.24
20201113,21.75,0.0,27.29
20201114,21.02,0.0,28.72
20201115,20.66,2.52,46.54
20201116,19.09,1.51,68.01
20201117,17.0,0.0,52.1
20201118,17.3,0.0,32.99
20201119,17.63,0.0,30.8
20201120,16.48,0.0,37.56
20201121,16.47,0.0,40.31
20201122,17.37,0.0,29.55
20201123,17.3,0.0,28.07
20201124,16.69,0.04,40.2
20201125,13.61,111.74,75.92
20201126,14.54,0.01,74.29
20201127,13.7,0.0,67.07
20201128,13.65,0.0,55.69
20201129,15.68,0.0,49.1
20201130,16.24,0.0,48.16
20201201,17.51,0.0,47.47
20201202,18.01,0.0,47.35
20201203,18.79,0.0,43.54
20201204,19.35,0.0,36.48
20201205,19.32,0.0,41.45
20201206,18.0,0.0,52.18
20201207,18.3,0.0,52.49
20201208,18.05,0.0,49.1
20201209,16.94,0.0,64.15
20201210,16.76,0.05,74.05
20201211,17.04,1.71,65.2
20201212,14.74,0.96,69.68
20201213,12.74,0.0,64.73
20201214,12.88,0.0,56.84
20201215,11.91,0.0,52.49
20201216,10.32,0.0,59.51
20201217,9.67,0.0,50.35
20201218,11.13,0.0,45.97
20201219,12.97,0.0,41.8
20201220,13.69,0.0,43.72
20201221,13.84,0.0,46.45
20201222,14.23,0.0,47.57
20201223,14.11,0.0,51.32
20201224,14.24,0.0,46.15
20201225,13.9,0.0,45.99
20201226,13.73,0.0,49.49
20201227,12.24,0.0,43.71
20201228,10.0,0.13,49.94
20201229,10.15,0.0,56.8
20201230,10.83,0.0,53.63
20201231,10.7,0.0,47.0
20210101,11.34,0.0,42.89
20210102,9.88,0.44,64.32
20210103,13.16,0.02,82.91
20210104,15.24,3.42,85.61
20210105,15.68,9.69,90.48
20210106,14.4,0.28,81.11
20210107,12.72,0.0,68.58
20210108,12.89,0.0,56.22
20210109,11.46,0.0,66.33
20210110,11.01,0.0,65.57
20210111,11.73,0.0,52.78
20210112,12.27,0.0,45.23
20210113,14.22,0.0,31.15
20210114,12.96,0.0,34.38
20210115,12.41,0.0,42.38
20210116,11.02,0.0,48.64
20210117,10.14,0.0,55.11
20210118,11.37,0.0,56.0
20210119,11.82,0.0,57.01
20210120,12.81,0.0,54.69
20210121,14.72,0.0,45.23
20210122,14.66,0.0,41.6
20210123,13.54,0.0,51.22
20210124,12.72,0.0,48.88
20210125,12.94,0.0,46.85
20210126,13.62,0.0,37.86
20210127,13.35,0.0,34.69
20210128,13.85,0.0,29.83
20210129,14.05,0.0,31.07
20210130,14.52,0.0,32.27
20210131,14.7,0.0,32.07
20210201,14.47,0.0,36.94
20210202,14.9,0.0,40.17
20210203,14.43,0.01,41.45
20210204,13.71,0.25,51.17
20210205,13.56,0.06,59.63
20210206,15.47,0.0,45.11
20210207,16.79,0.0,41.13
20210208,17.58,0.0,39.44
20210209,19.12,0.0,32.3
20210210,18.51,0.0,32.81
20210211,17.64,0.0,43.07
20210212,19.01,0.0,39.29
20210213,18.96,0.0,33.94
20210214,18.33,0.0,33.6
20210215,18.52,0.0,37.06
20210216,18.66,0.0,43.47
20210217,18.87,0.0,37.65
20210218,18.63,0.0,31.87
20210219,18.69,0.0,32.97
20210220,18.83,0.0,30.49
20210221,21.03,0.0,27.16
20210222,23.58,0.0,22.05
20210223,22.89,0.0,25.7
20210224,23.15,0.0,30.29
20210225,23.73,0.0,27.84
20210226,25.2,0.0,31.47
20210227,22.83,0.03,32.51
20210228,20.64,0.0,25.37
20210301,20.8,0.0,28.05
20210302,21.78,0.0,24.15
20210303,24.03,0.0,15.68
20210304,24.23,0.0,17.4
20210305,22.88,0.0,24.36
20210306,26.02,0.0,20.58
20210307,25.53,0.0,24.98
20210308,25.16,0.0,30.96
20210309,25.31,0.37,34.35
20210310,25.23,0.14,32.74
20210311,25.43,0.0,24.82
20210312,25.6,0.04,26.4
20210313,24.16,0.13,45.52
20210314,24.93,0.0,31.84
20210315,25.28,0.0,31.58
20210316,26.26,0.0,33.8
20210317,26.53,0.0,31.03
20210318,25.74,0.08,35.6
20210319,25.61,0.0,35.71
20210320,27.58,0.0,27.92
20210321,27.77,0.31,27.18
20210322,26.31,1.41,34.23
20210323,25.19,3.04,36.53
20210324,22.88,0.0,35.91
20210325,23.24,0.0,40.0
20210326,26.13,0.0,31.12
20210327,28.71,0.0,25.75
20210328,29.32,0.0,23.61
20210329,29.65,0.0,21.09
20210330,27.56,0.0,21.43
20210331,25.98,0.0,15.79
20210401,25.07,0.0,11.64
20210402,24.61,0.0,11.65
20210403,26.44,0.0,8.0
20210404,27.0,0.0,11.29
20210405,27.43,0.0,24.23
20210406,27.81,1.46,40.93
20210407,25.63,0.36,34.21
20210408,25.78,0.0,22.99
20210409,27.54,0.0,18.18
20210410,28.36,0.0,18.28
20210411,30.0,0.0,16.34
20210412,30.72,0.0,15.74
20210413,31.06,0.0,20.96
20210414,30.65,0.0,22.67
20210415,30.79,0.0,17.09
20210416,28.76,1.91,28.17
20210417,27.15,1.61,40.08
20210418,28.94,0.0,31.8
20210419,29.82,0.0,25.88
20210420,24.43,4.53,39.48
20210421,23.79,0.39,51.31
20210422,27.39,0.01,33.65
20210423,25.27,0.75,36.12
20210424,25.6,0.12,35.67
20210425,30.07,0.0,20.26
20210426,32.73,0.0,15.45
20210427,33.07,0.0,12.79
20210428,33.5,0.0,11.91
20210429,34.36,0.0,16.24
20210430,32.9,2.46,20.36
20210501,33.24,0.01,23.52
20210502,32.79,0.46,27.16
20210503,34.34,0.0,23.85
20210504,33.85,0.0,21.42
20210505,33.21,0.25,23.27
20210506,32.55,6.43,30.11
20210507,30.38,0.12,36.43
20210508,32.35,0.03,28.4
20210509,33.75,0.07,25.39
20210510,34.48,0.32,20.4
20210511,33.95,1.51,23.3
20210512,32.43,3.45,29.08
20210513,31.8,0.54,30.55
20210514,31.58,0.07,31.19
20210515,32.26,2.03,29.07
20210516,33.17,0.93,25.52
20210517,34.39,0.0,25.4
20210518,33.4,0.04,27.68
20210519,31.22,0.48,36.32
20210520,32.11,0.92,38.91
20210521,30.32,15.39,49.92
20210522,30.87,0.95,43.97
20210523,30.14,0.3,38.19
20210524,31.79,0.0,31.15
20210525,34.85,0.0,25.87
20210526,36.62,0.0,22.24
20210527,37.57,0.0,18.82
20210528,37.68,0.0,19.71
20210529,38.17,0.0,23.61
20210530,37.26,1.97,25.92
20210531,37.33,2.79,27.78
20210601,32.0,12.27,50.81
20210602,31.91,1.3,49.32
20210603,32.97,1.08,44.09
20210604,33.43,0.07,36.24
20210605,34.57,0.1,32.77
20210606,35.96,0.65,30.64
20210607,37.41,0.0,31.83
20210608,38.15,0.0,28.57
20210609,38.19,0.0,30.53
20210610,38.29,0.04,31.7
20210611,37.58,0.05,32.99
20210612,38.04,1.26,35.14
20210613,36.42,3.41,40.96
20210614,34.08,1.02,44.02
20210615,32.2,11.72,54.19
20210616,31.07,0.95,57.78
20210617,33.33,0.0,41.34
20210618,34.48,0.09,33.1
20210619,34.39,0.41,35.15
20210620,34.36,0.01,38.31
20210621,34.7,0.83,35.83
20210622,35.9,0.0,35.23
20210623,37.32,0.0,27.73
20210624,37.28,0.0,25.14
20210625,37.28,0.94,30.61
20210626,33.65,24.4,50.19
20210627,33.01,3.94,50.83
20210628,35.38,0.0,35.15
20210629,37.11,0.0,30.62
20210630,37.23,0.0,33.52
20210701,37.04,0.0,34.64
20210702,36.94,0.0,36.19
20210703,36.65,0.35,39.41
20210704,36.83,0.66,36.64
20210705,36.43,3.26,38.42
20210706,36.95,0.19,38.28
20210707,37.97,0.14,32.93
20210708,38.49,0.0,29.82
20210709,38.66,0.14,28.93
20210710,37.93,0.02,35.85
20210711,38.35,0.1,34.37
20210712,34.2,4.3,53.92
20210713,31.98,4.12,63.51
20210714,32.2,6.26,66.6
20210715,32.43,0.29,61.43
20210716,34.91,0.67,51.73
20210717,36.32,0.83,47.8
20210718,37.66,0.81,43.86
20210719,35.76,2.42,48.97
20210720,32.64,8.15,64.64
20210721,33.25,4.18,58.82
20210722,34.18,0.74,51.85
20210723,33.75,0.0,51.9
20210724,34.29,0.02,55.77
20210725,36.53,0.1,46.73
20210726,32.68,0.35,63.33
20210727,30.28,15.57,75.69
20210728,33.12,3.78,60.38
20210729,32.36,17.53,62.68
20210730,31.83,8.42,66.54
20210731,31.73,0.7,65.52
20210801,33.83,0.86,58.32
20210802,33.56,2.63,58.06
20210803,33.35,1.01,55.28
20210804,33.64,0.37,56.98
20210805,33.98,0.36,54.57
20210806,34.72,0.13,50.49
20210807,34.48,1.24,52.15
20210808,34.22,0.3,53.75
20210809,34.78,1.93,49.75
20210810,35.09,0.01,40.86
20210811,34.55,0.0,39.7
20210812,34.84,0.12,40.73
20210813,35.23,0.0,40.34
20210814,35.11,0.0,41.43
20210815,35.01,0.0,40.31
20210816,35.6,0.0,37.09
20210817,35.94,0.0,36.42
20210818,35.51,0.24,34.95
20210819,35.77,0.0,32.33
20210820,34.64,0.42,45.3
20210821,32.31,0.46,57.71
20210822,31.6,2.39,66.37
20210823,32.79,0.84,56.09
20210824,34.82,0.0,43.26
20210825,35.29,0.0,35.35
20210826,34.6,0.0,37.52
20210827,34.74,0.0,35.51
20210828,34.8,0.0,36.08
20210829,35.08,0.0,37.67
20210830,33.96,0.16,48.18
20210831,31.74,2.78,57.95
20210901,29.41,5.68,69.15
20210902,29.73,1.69,65.51
20210903,27.65,10.94,77.16
20210904,29.58,1.63,68.61
20210905,31.06,1.5,61.21
20210906,32.52,0.55,56.86
20210907,32.39,0.34,62.5
20210908,31.39,0.1,65.77
20210909,31.24,1.13,65.06
20210910,30.03,6.27,70.08
20210911,27.47,16.59,82.43
20210912,27.94,32.96,78.13
20210913,27.96,1.85,72.39
20210914,29.64,0.57,66.11
20210915,31.09,0.18,62.63
20210916,31.43,0.17,59.84
20210917,30.79,0.18,61.65
20210918,30.27,0.0,63.23
20210919,31.14,0.0,63.9
20210920,31.54,0.08,63.81
20210921,29.95,6.35,70.87
20210922,28.08,5.74,76.69
20210923,26.76,20.37,83.31
20210924,28.26,0.22,70.02
20210925,29.96,0.0,62.89
20210926,29.6,0.0,66.93
20210927,29.55,0.19,68.12
20210928,29.9,2.6,63.53
20210929,28.99,0.72,68.33
20210930,29.8,0.12,67.78
20211001,30.71,1.78,64.73
20211002,31.21,2.16,61.34
20211003,31.51,0.63,56.12
20211004,31.58,1.99,49.9
20211005,29.61,6.57,63.67
20211006,29.3,0.01,61.21
20211007,29.94,0.0,44.14
20211008,30.67,0.0,36.1
20211009,30.98,0.0,39.44
20211010,30.17,0.0,42.77
20211011,29.61,0.0,41.15
20211012,28.71,0.0,45.19
20211013,27.3,0.0,38.12
20211014,27.09,0.0,36.02
20211015,27.68,0.0,30.43
20211016,27.45,0.0,27.59
20211017,25.69,0.76,48.62
20211018,24.67,0.2,70.71
20211019,26.03,0.0,56.79
20211020,26.84,0.0,33.7
20211021,25.21,0.0,38.97
20211022,25.55,0.0,46.56
20211023,25.57,8.65,59.73
20211024,23.95,6.73,72.0
20211025,22.2,0.0,65.09
20211026,22.11,0.0,51.14
20211027,22.39,0.0,45.97
20211028,22.43,0.0,43.85
20211029,22.88,0.0,38.07
20211030,23.68,0.0,36.16
20211031,23.88,0.0,34.38
20211101,22.6,0.0,39.35
20211102,22.01,0.21,53.59
20211103,20.54,0.06,63.03
20211104,20.99,0.0,48.65
20211105,22.45,0.0,36.91
20211106,21.66,0.0,38.76
20211107,22.93,0.0,40.28
20211108,22.89,0.0,41.18
20211109,23.65,0.0,36.96
20211110,23.54,0.0,33.13
20211111,22.28,0.0,35.2
20211112,21.17,0.0,37.76
20211113,22.07,0.0,30.27
20211114,21.0,0.0,28.52
20211115,19.27,0.0,33.49
20211116,18.89,0.0,31.19
20211117,18.16,0.0,30.86
20211118,19.04,0.0,28.53
20211119,18.88,0.0,30.35
20211120,18.91,0.0,33.68
20211121,19.53,0.0,33.61
20211122,18.89,0.0,27.3
20211123,19.64,0.0,21.93
20211124,18.98,0.0,27.4
20211125,18.28,0.0,44.41
20211126,19.13,0.0,35.37
20211127,17.9,0.0,43.37
20211128,17.63,0.0,49.73
20211129,17.58,0.0,42.27
20211130,18.68,0.0,37.56
20211201,18.03,0.0,33.89
20211202,18.47,0.0,33.75
20211203,17.74,0.0,36.14
20211204,18.11,0.0,40.66
20211205,18.52,0.03,48.65
20211206,17.19,0.01,56.54
20211207,16.64,0.0,47.52
20211208,17.2,0.0,33.06
20211209,16.4,0.0,32.53
20211210,16.38,0.0,31.59
20211211,16.91,0.0,26.18
20211212,16.09,0.0,24.16
20211213,14.11,0.0,38.13
20211214,13.39,0.0,47.04
20211215,12.98,0.0,40.56
20211216,12.38,0.0,34.81
20211217,11.18,0.0,30.87
20211218,11.46,0.0,20.06
20211219,12.2,0.0,18.27
20211220,14.23,0.0,15.37
20211221,14.34,0.0,20.16
20211222,14.22,0.0,25.1
20211223,14.75,0.0,33.21
20211224,14.37,0.0,42.09
20211225,15.08,0.0,46.57
20211226,15.0,0.16,48.91
20211227,14.2,0.35,63.91
20211228,13.87,0.0,52.21
20211229,13.03,0.0,43.04
20211230,13.14,0.0,28.34
20211231,12.14,0.0,31.31
20220101,14.08,0.0,27.64
20220102,13.84,0.0,32.85
20220103,15.71,0.0,32.32
20220104,14.49,0.37,43.81
20220105,13.21,20.14,85.53
20220106,14.23,0.73,83.53
20220107,15.57,6.31,80.4
20220108,13.45,12.19,82.21
20220109,10.67,0.03,77.05
20220110,10.79,0.0,69.82
20220111,10.51,0.0,67.6
20220112,11.37,0.0,56.35
20220113,12.89,0.0,49.36
20220114,12.71,0.0,62.37
20220115,13.44,0.0,57.55
20220116,13.13,0.0,48.54
20220117,11.0,0.0,54.85
20220118,12.93,0.0,50.34
20220119,12.21,0.88,68.22
20220120,13.57,0.71,76.88
20220121,14.2,1.42,67.96
20220122,12.26,7.22,87.73
20220123,12.25,1.4,74.8
20220124,12.01,0.03,66.95
20220125,11.77,0.0,64.38
20220126,12.01,0.0,53.31
20220127,13.52,0.0,39.25
20220128,14.42,0.0,33.4
20220129,14.43,0.0,37.77
20220130,15.06,0.0,44.29
20220131,16.56,0.0,46.08
20220201,15.78,0.0,46.84
20220202,15.88,0.1,42.47
20220203,12.49,1.37,71.91
20220204,12.82,0.03,64.81
20220205,12.73,0.0,55.11
20220206,13.93,0.0,45.15
20220207,15.62,0.0,53.0
20220208,15.58,0.03,55.13
20220209,15.77,2.01,58.15
20220210,15.85,0.0,48.38
20220211,16.03,0.0,39.99
20220212,17.2,0.0,33.72
20220213,16.38,0.0,39.48
20220214,16.75,0.0,44.2
20220215,17.12,0.0,49.67
20220216,17.59,0.0,46.6
20220217,17.57,0.0,45.2
20220218,17.57,0.0,44.09
20220219,18.0,0.0,44.62
20220220,18.11,0.0,36.41
20220221,18.62,0.0,33.02
20220222,19.89,0.0,39.86
20220223,18.24,0.0,51.43
20220224,19.11,0.0,49.59
20220225,19.52,0.11,50.35
20220226,17.85,0.54,61.99
20220227,16.83,0.0,60.22
20220228,16.84,0.0,45.39
20220301,19.32,0.0,41.45
20220302,19.14,1.42,50.13
20220303,18.8,0.26,60.98
20220304,18.46,0.0,58.74
20220305,20.57,0.0,45.39
20220306,22.35,0.0,40.19
20220307,22.81,0.0,41.56
20220308,21.98,0.0,46.24
20220309,22.39,0.0,36.09
20220310,23.01,0.0,37.22
20220311,24.61,0.0,34.09
20220312,25.54,0.0,28.61
20220313,27.98,0.0,28.36
20220314,28.84,0.0,30.46
20220315,28.83,0.0,31.37
20220316,28.6,0.0,30.82
20220317,30.18,0.0,27.03
20220318,29.65,0.0,33.46
20220319,30.2,0.0,33.04
20220320,30.47,0.0,19.98
20220321,29.46,0.0,26.89
20220322,28.86,0.0,26.22
20220323,29.21,0.0,20.12
20220324,28.67,0.0,19.81
20220325,28.7,0.0,21.0
20220326,29.44,0.0,17.71
20220327,30.89,0.0,11.21
20220328,31.02,0.0,12.12
20220329,31.15,0.0,15.12
20220330,32.48,0.0,14.73
20220331,30.65,0.0,16.07
20220401,29.93,0.0,15.14
20220402,32.21,0.0,8.49
20220403,30.0,0.0,9.79
20220404,30.12,0.0,14.64
20220405,32.44,0.0,9.89
20220406,32.45,0.0,11.0
20220407,33.96,0.0,9.12
20220408,34.92,0.0,8.59
20220409,34.11,0.0,11.67
20220410,34.25,0.0,13.22
20220411,34.91,0.0,12.35
20220412,32.11,0.0,16.27
20220413,31.86,0.0,17.75
20220414,32.61,0.09,18.05
20220415,32.45,0.0,11.03
20220416,33.07,0.0,11.94
20220417,33.19,0.0,15.9
20220418,33.99,0.0,15.34
20220419,34.72,0.0,19.24
20220420,34.21,0.0,20.66
20220421,32.45,0.0,22.52
20220422,31.18,0.33,25.68
20220423,31.72,0.0,18.63
20220424,32.51,0.0,19.07
20220425,33.59,0.0,17.68
20220426,34.57,0.0,14.67
20220427,35.32,0.0,12.36
20220428,37.34,0.0,12.32
20220429,36.02,0.0,12.74
20220430,36.18,0.0,10.9
20220501,37.36,0.0,12.25
20220502,37.04,0.0,15.34
20220503,35.09,1.33,17.1
20220504,34.59,1.72,26.77
20220505,33.32,0.32,29.55
20220506,33.27,3.47,29.62
20220507,34.51,0.68,23.4
20220508,36.45,0.0,20.65
20220509,36.66,0.0,20.37
20220510,36.35,0.0,21.54
20220511,36.96,0.0,23.89
20220512,38.26,0.0,16.15
20220513,38.18,0.0,11.27
20220514,38.29,0.0,11.2
20220515,38.16,0.0,11.04
20220516,36.7,0.0,15.1
20220517,36.18,0.0,15.42
20220518,36.67,0.0,14.44
20220519,38.69,0.0,13.95
20220520,37.85,0.0,15.64
20220521,37.06,0.0,18.39
20220522,36.58,1.2,16.48
20220523,33.09,7.89,36.98
20220524,28.39,0.12,50.0
20220525,30.36,0.0,42.7
20220526,33.46,0.0,33.65
20220527,36.31,0.0,32.24
20220528,37.16,0.2,25.77
20220529,36.08,0.11,20.87
20220530,35.29,0.08,12.88
20220531,35.52,0.0,14.84
20220601,37.44,0.0,12.48
20220602,37.01,0.11,13.0
20220603,37.11,0.0,9.29
20220604,37.59,0.0,9.26
20220605,37.69,0.0,12.1
20220606,38.49,0.0,13.87
20220607,38.13,0.0,15.58
20220608,37.21,0.0,18.25
20220609,37.9,0.0,20.57
20220610,38.09,0.1,25.08
20220611,38.22,0.0,24.18
20220612,38.0,0.0,25.57
20220613,38.71,0.0,24.6
20220614,37.45,0.79,34.99
20220615,38.21,0.0,33.11
20220616,38.32,0.03,31.69
20220617,36.72,5.87,36.03
20220618,31.94,15.6,58.25
20220619,31.69,1.7,55.54
20220620,32.02,1.64,49.77
20220621,29.84,5.12,60.75
20220622,31.0,2.75,58.68
20220623,32.28,0.0,45.07
20220624,33.43,0.0,35.14
20220625,35.03,0.0,27.77
20220626,35.65,0.0,25.53
20220627,36.8,0.0,30.96
20220628,38.82,0.01,29.21
20220629,39.44,0.1,29.87
20220630,37.38,2.02,38.97
20220701,29.77,39.78,74.59
20220702,32.38,1.31,62.16
20220703,33.0,3.7,62.08
20220704,33.85,0.16,60.26
20220705,35.51,0.09,52.46
20220706,35.05,0.67,51.32
20220707,35.25,0.6,53.07
20220708,36.25,0.04,48.85
20220709,35.8,0.92,49.95
20220710,30.57,15.46,76.37
20220711,33.18,0.04,61.18
20220712,34.81,0.06,52.34
20220713,34.88,2.2,53.43
20220714,31.17,92.94,75.28
20220715,29.31,75.52,84.0
20220716,29.96,19.4,78.5
20220717,29.5,4.02,79.51
20220718,31.57,0.32,70.31
20220719,32.88,0.55,67.48
20220720,33.07,8.42,69.73
20220721,31.3,4.9,72.05
20220722,30.59,10.53,77.66
20220723,29.82,7.37,79.58
20220724,29.8,5.75,79.89
20220725,30.03,3.36,75.76
20220726,29.69,0.89,77.08
20220727,29.76,0.07,75.65
20220728,29.92,11.45,81.27
20220729,28.54,17.75,85.64
20220730,29.51,7.27,78.82
20220731,28.99,11.26,80.8
20220801,29.37,9.41,80.11
20220802,31.51,1.86,72.46
20220803,32.38,2.81,67.1
20220804,30.74,2.33,72.71
20220805,29.43,8.58,81.03
20220806,29.8,5.29,78.38
20220807,29.6,21.01,82.58
20220808,29.72,7.52,80.0
20220809,30.3,1.81,77.59
20220810,31.15,2.17,74.25
20220811,29.09,0.27,77.6
20220812,29.07,0.56,77.57
20220813,30.08,0.02,74.64
20220814,30.66,0.72,71.81
20220815,28.96,2.65,77.17
20220816,28.49,1.26,77.86
20220817,27.43,12.37,85.19
20220818,29.22,0.65,77.16
20220819,29.9,0.02,69.98
20220820,29.81,2.2,70.18
20220821,30.74,0.06,65.78
20220822,30.51,1.38,68.96
20220823,29.9,1.0,74.66
20220824,29.11,0.13,71.63
20220825,29.42,2.84,70.03
20220826,29.53,0.84,71.53
20220827,29.57,0.19,69.89
20220828,29.94,0.26,66.86
20220829,30.28,0.93,66.43
20220830,30.77,0.26,64.09
20220831,31.33,0.33,64.69
20220901,31.89,0.52,62.41
20220902,31.7,0.66,61.81
20220903,30.68,0.0,62.68
20220904,30.69,0.0,61.93
20220905,30.55,0.0,66.31
20220906,30.55,1.93,63.12
20220907,30.72,0.51,61.4
20220908,30.91,0.0,59.57
20220909,30.88,0.0,58.8
20220910,31.28,0.03,61.85
20220911,30.56,12.36,69.43
20220912,29.85,4.96,69.8
20220913,29.53,0.21,70.02
20220914,30.04,0.09,68.31
20220915,30.04,0.05,65.73
20220916,30.65,0.02,60.51
20220917,31.09,0.0,55.48
20220918,30.28,0.0,57.85
20220919,31.16,0.0,54.2
20220920,30.6,0.03,55.7
20220921,30.61,0.71,57.9
20220922,29.47,7.49,69.8
20220923,28.36,8.4,76.43
20220924,27.63,13.19,81.87
20220925,28.91,0.88,69.32
20220926,29.17,1.01,62.66
20220927,29.37,0.07,58.3
20220928,29.79,0.1,54.85
20220929,29.42,0.0,51.71
20220930,29.51,0.0,51.02
20221001,29.9,0.0,49.05
20221002,29.57,0.0,49.24
20221003,29.01,0.0,50.11
20221004,29.53,0.0,47.82
20221005,29.13,0.0,45.32
20221006,27.67,0.0,54.18
20221007,26.84,0.01,66.59
20221008,25.52,1.52,74.5
20221009,26.31,0.11,73.93
20221010,25.56,1.59,75.79
20221011,26.23,0.57,68.14
20221012,25.98,0.02,61.05
20221013,25.88,0.0,51.17
20221014,25.52,0.0,50.12
20221015,26.36,0.0,40.3
20221016,25.25,0.0,44.32
20221017,25.67,0.0,41.33
20221018,26.43,0.0,32.51
20221019,26.63,0.0,32.49
20221020,26.11,0.0,37.07
20221021,24.82,0.0,47.0
20221022,24.04,0.0,47.19
20221023,24.08,0.0,38.96
20221024,25.55,0.0,33.96
20221025,26.17,0.0,30.22
20221026,26.62,0.0,31.24
20221027,25.8,0.0,36.44
20221028,26.57,0.0,32.39
20221029,26.26,0.0,30.88
20221030,26.58,0.0,28.24
20221031,26.32,0.0,32.61
20221101,26.14,0.0,35.33
20221102,24.63,0.0,42.59
20221103,25.99,0.0,37.62
20221104,25.67,0.0,42.82
20221105,25.29,0.0,49.29
20221106,25.69,0.0,38.65
20221107,24.81,0.01,49.03
20221108,22.91,0.28,55.47
20221109,22.45,0.03,53.64
20221110,21.87,0.01,49.82
20221111,22.23,0.0,44.56
20221112,22.32,0.0,36.83
20221113,21.55,0.0,37.57
20221114,20.61,1.25,50.74
20221115,20.41,1.35,60.66
20221116,19.23,0.0,45.56
20221117,19.46,0.0,39.74
20221118,19.85,0.0,33.1
20221119,18.89,0.0,34.5
20221120,18.87,0.0,39.82
20221121,18.87,0.0,40.66
20221122,19.15,0.0,30.38
20221123,19.64,0.0,25.9
20221124,19.6,0.0,26.84
20221125,20.77,0.0,25.36
20221126,20.79,0.0,22.23
20221127,20.89,0.0,23.12
20221128,18.85,0.0,28.0
20221129,18.82,0.0,32.45
20221130,19.58,0.0,31.77
20221201,20.31,0.0,25.45
20221202,20.6,0.0,23.89
20221203,17.96,0.0,37.79
20221204,18.06,0.0,37.73
20221205,18.3,0.0,30.13
20221206,17.85,0.0,27.16
20221207,17.7,0.0,29.95
20221208,19.46,0.0,29.25
20221209,20.0,0.0,30.78
20221210,19.33,0.0,36.39
20221211,18.51,0.0,40.64
20221212,18.09,0.0,37.54
20221213,17.47,0.0,39.76
20221214,16.13,0.0,40.52
20221215,17.02,0.0,28.59
20221216,17.12,0.0,28.56
20221217,19.07,0.0,21.84
20221218,18.64,0.0,23.72
20221219,16.83,0.0,27.95
20221220,16.26,0.0,26.75
20221221,14.9,0.0,31.53
20221222,14.04,0.0,29.72
20221223,13.82,0.0,29.47
20221224,12.71,0.0,32.87
20221225,12.79,0.0,28.93
20221226,12.92,0.0,25.63
20221227,12.55,0.0,34.69
20221228,15.27,0.0,31.23
20221229,17.27,0.04,34.73
20221230,15.94,0.0,51.51
20221231,13.18,0.0,54.37
20230101,14.46,0.0,33.89
20230102,12.5,0.0,35.97
20230103,11.71,0.0,29.33
20230104,12.16,0.0,27.93
20230105,12.1,0.0,27.49
20230106,11.1,0.0,28.13
20230107,12.8,0.0,21.31
20230108,13.94,0.0,25.87
20230109,13.37,0.0,29.73
20230110,14.84,0.0,41.73
20230111,17.08,0.0,41.83
20230112,17.22,0.0,50.61
20230113,13.93,0.0,55.85
20230114,8.64,0.0,16.29
20230115,8.98,0.0,18.11
20230116,11.75,0.0,13.87
20230117,11.94,0.0,14.86
20230118,12.09,0.0,15.39
20230119,13.04,0.66,24.65
20230120,12.19,0.16,61.63
20230121,12.58,0.0,61.28
20230122,13.34,0.0,49.33
20230123,14.53,0.0,39.63
20230124,13.52,1.6,50.7
20230125,11.85,0.29,34.33
20230126,10.85,0.0,33.32
20230127,11.58,0.0,31.88
20230128,14.02,0.0,25.89
20230129,13.08,0.64,56.58
20230130,15.55,0.23,78.29
20230131,14.89,0.04,61.49
20230201,13.99,0.0,48.96
20230202,15.71,0.0,37.17
20230203,17.39,0.0,29.39
20230204,18.17,0.0,37.97
20230205,19.22,0.0,39.28
20230206,19.04,0.0,35.09
20230207,16.94,0.0,45.87
20230208,18.12,0.0,25.64
20230209,18.58,0.0,27.09
20230210,19.33,0.0,33.84
20230211,16.89,0.0,27.61
20230212,14.0,0.0,23.32
20230213,14.65,0.0,16.71
20230214,19.37,0.0,17.01
20230215,21.07,0.0,25.24
20230216,23.97,0.0,21.85
20230217,23.76,0.0,22.8
20230218,23.89,0.0,17.96
20230219,24.16,0.0,18.68
20230220,24.18,0.0,21.32
20230221,22.29,0.0,28.05
20230222,20.47,0.0,23.61
20230223,21.08,0.0,25.17
20230224,22.57,0.0,26.21
20230225,24.12,0.0,25.26
20230226,24.51,0.0,25.18
20230227,24.17,0.0,25.82
20230228,23.19,0.0,31.25
20230301,22.08,0.23,41.1
20230302,22.46,0.0,46.16
20230303,23.33,0.0,42.83
20230304,22.76,0.01,38.06
20230305,23.83,0.0,35.44
20230306,24.45,0.0,29.41
20230307,25.19,0.0,26.63
20230308,24.29,0.73,30.12
20230309,24.51,0.0,30.14
20230310,25.16,0.0,21.59
20230311,25.65,0.0,22.47
20230312,26.73,0.0,24.59
20230313,27.02,0.0,24.9
20230314,27.01,0.0,25.58
20230315,27.8,0.0,22.05
20230316,26.56,0.27,27.48
20230317,25.05,1.01,40.05
20230318,22.68,1.22,55.11
20230319,22.27,0.26,54.21
20230320,22.05,2.69,55.46
20230321,21.75,1.18,60.5
20230322,22.77,0.12,47.33
20230323,23.99,4.35,46.17
20230324,22.86,7.9,60.49
20230325,21.9,0.98,61.47
20230326,21.5,0.0,51.13
20230327,21.94,0.0,44.45
20230328,24.71,0.0,37.04
20230329,25.98,0.04,36.47
20230330,23.65,10.99,55.77
20230331,19.99,3.66,77.59
20230401,22.0,1.21,64.63
20230402,23.38,0.16,55.83
20230403,24.12,2.76,54.41
20230404,23.39,0.45,57.18
20230405,24.88,0.0,45.25
20230406,25.19,1.01,41.22
20230407,24.82,0.0,35.72
20230408,26.13,0.0,29.37
20230409,27.52,0.0,25.73
20230410,28.36,0.0,23.42
20230411,30.65,0.0,23.47
20230412,30.08,0.0,35.66
20230413,31.12,0.0,25.32
20230414,32.44,0.0,18.5
20230415,33.16,0.0,16.35
20230416,32.48,0.0,20.4
20230417,32.44,2.23,26.01
20230418,32.18,0.61,29.5
20230419,28.65,3.46,44.35
20230420,27.93,0.1,37.97
20230421,27.4,0.0,32.42
20230422,28.31,0.0,29.61
20230423,27.37,0.12,30.8
20230424,27.87,0.12,26.93
20230425,29.68,0.0,25.15
20230426,30.41,0.0,25.96
20230427,31.11,0.0,29.74
20230428,30.4,0.0,39.66
20230429,25.68,2.56,53.11
20230430,26.33,0.8,50.97
20230501,24.68,0.15,58.33
20230502,26.51,0.2,51.5
20230503,27.3,2.32,49.97
20230504,28.34,0.04,43.36
20230505,29.58,0.14,36.77
20230506,31.68,0.14,31.9
20230507,31.65,0.0,22.39
20230508,30.37,0.0,23.43
20230509,30.37,0.0,20.6
20230510,30.6,0.0,18.63
20230511,32.92,0.0,12.21
20230512,34.86,0.0,11.3
20230513,35.64,0.11,15.4
20230514,34.76,0.03,17.03
20230515,35.24,0.0,19.23
20230516,34.46,0.47,20.53
20230517,35.52,2.83,30.98
20230518,33.17,3.1,34.72
20230519,32.81,0.0,31.75
20230520,35.04,0.0,22.84
20230521,36.31,0.0,22.02
20230522,37.32,0.0,25.08
20230523,36.67,0.29,29.13
20230524,34.72,5.04,38.31
20230525,31.39,16.43,49.67
20230526,29.59,15.01,63.4
20230527,28.89,11.22,69.53
20230528,28.89,2.16,64.27
20230529,28.04,7.84,65.71
20230530,27.17,6.44,64.59
20230531,24.26,20.56,75.52
20230601,24.57,5.82,73.79
20230602,26.96,0.0,59.14
20230603,29.4,0.31,47.03
20230604,31.11,0.04,44.58
20230605,31.97,0.02,44.58
20230606,33.48,0.33,41.96
20230607,33.0,0.61,41.49
20230608,33.61,0.0,42.42
20230609,35.96,0.1,40.38
20230610,35.32,6.55,45.11
20230611,34.46,1.01,45.54
20230612,35.77,0.0,43.16
20230613,35.69,0.0,42.08
20230614,34.81,0.03,45.05
20230615,34.1,1.86,46.79
20230616,34.21,0.08,47.55
20230617,33.54,1.73,53.06
20230618,32.9,1.5,53.13
20230619,35.73,0.24,42.88
20230620,37.71,0.34,39.04
20230621,37.0,1.38,43.43
20230622,36.94,0.0,42.68
20230623,37.8,0.05,38.05
20230624,38.37,1.6,38.53
20230625,36.23,11.58,47.86
20230626,30.24,27.45,74.66
20230627,31.95,0.15,60.31
20230628,33.69,0.83,56.45
20230629,34.17,1.06,54.86
20230630,34.92,0.84,51.94
20230701,32.48,5.22,63.18
20230702,33.76,3.18,59.42
20230703,35.8,0.44,49.94
20230704,36.85,0.31,45.2
20230705,32.84,9.91,62.0
20230706,30.87,9.99,72.91
20230707,30.16,9.99,76.32
20230708,29.62,17.84,79.18
20230709,30.51,6.67,75.66
20230710,30.66,1.6,72.32
20230711,32.1,0.04,62.62
20230712,33.11,0.0,59.04
20230713,33.28,1.45,59.99
20230714,31.76,4.42,65.29
20230715,33.2,3.28,60.65
20230716,32.18,12.5,67.98
20230717,32.52,7.78,68.11
20230718,33.71,0.83,61.38
20230719,33.05,1.33,65.01
20230720,33.31,1.33,63.6
20230721,33.04,10.29,66.18
20230722,31.78,4.43,72.86
20230723,32.59,0.57,65.37
20230724,32.49,1.02,65.94
20230725,31.69,2.42,71.07
20230726,29.15,22.96,85.31
20230727,29.49,17.85,83.97
20230728,30.65,3.21,75.81
20230729,31.34,10.85,73.73
20230730,31.74,7.4,71.3
20230731,32.81,2.22,63.38
20230801,33.6,1.11,60.69
20230802,33.44,0.56,60.98
20230803,33.51,0.42,62.05
20230804,33.78,0.01,59.35
20230805,33.63,8.57,57.88
20230806,33.34,0.16,58.25
20230807,33.3,0.0,59.54
20230808,32.84,0.0,61.83
20230809,33.17,0.0,58.95
20230810,32.74,0.05,58.49
20230811,32.58,0.0,59.4
20230812,33.0,0.0,56.05
20230813,33.03,0.0,56.99
20230814,32.62,0.0,58.13
20230815,32.93,0.05,56.11
20230816,33.44,0.09,56.1
20230817,33.32,0.0,54.98
20230818,33.77,0.0,51.09
20230819,32.6,0.38,59.96
20230820,33.47,0.38,60.3
20230821,34.57,0.18,54.17
20230822,35.5,0.08,49.69
20230823,34.3,0.0,48.07
20230824,32.66,0.01,53.03
20230825,32.87,0.44,52.14
20230826,32.48,0.05,51.82
20230827,32.65,0.22,50.3
20230828,33.03,0.75,51.0
20230829,32.61,0.18,52.71
20230830,33.79,0.0,46.4
20230831,33.76,0.0,43.18
20230901,33.57,0.0,41.49
20230902,32.49,0.0,39.37
20230903,32.59,0.0,38.13
20230904,33.26,0.0,38.15
20230905,33.4,0.0,38.7
20230906,33.16,0.59,47.08
20230907,32.92,1.11,49.68
20230908,33.64,0.0,46.41
20230909,33.79,0.0,44.88
20230910,33.43,0.0,51.19
20230911,33.52,0.0,51.56
20230912,34.76,0.17,45.01
20230913,34.85,0.18,45.41
20230914,34.33,0.67,49.42
20230915,33.49,7.78,56.2
20230916,30.75,9.33,68.59
20230917,28.68,4.97,75.54
20230918,29.19,3.28,71.2
20230919,29.33,3.53,70.63
20230920,30.3,23.09,71.57
20230921,30.85,10.84,69.1
20230922,32.23,0.55,60.62
20230923,32.1,2.38,57.54
20230924,31.26,0.33,58.15
20230925,30.68,0.0,56.39
20230926,29.46,0.0,60.27
20230927,29.11,0.0,55.96
20230928,29.17,0.0,50.06
20230929,28.9,0.0,44.66
20230930,28.06,0.0,45.56
20231001,28.17,0.0,41.58
20231002,28.16,0.0,35.77
20231003,27.99,0.0,35.82
20231004,27.93,0.0,37.31
20231005,28.76,0.0,34.2
20231006,29.37,0.0,38.02
20231007,29.85,0.0,46.12
20231008,30.82,0.0,49.37
20231009,30.15,0.11,45.53
20231010,28.11,0.97,41.42
20231011,27.08,0.0,48.82
20231012,27.62,0.0,36.32
20231013,28.71,0.0,39.6
20231014,28.82,0.0,38.66
20231015,25.73,9.4,57.56
20231016,24.17,43.87,70.53
20231017,22.8,5.89,79.12
20231018,22.61,0.0,67.5
20231019,24.07,0.0,56.2
20231020,24.02,0.0,56.6
20231021,24.3,0.0,55.39
20231022,23.86,2.22,56.69
20231023,23.46,0.03,59.79
20231024,24.21,0.0,58.88
20231025,24.68,0.0,52.77
20231026,25.18,0.0,44.47
20231027,24.86,0.0,42.55
20231028,24.81,0.0,46.25
20231029,25.51,0.0,49.53
20231030,24.74,0.0,52.43
20231031,24.05,0.0,55.17
20231101,23.86,0.0,53.95
20231102,23.45,0.0,57.07
20231103,23.42,0.0,59.54
20231104,23.12,0.0,63.01
20231105,22.84,0.0,53.51
20231106,21.88,0.0,52.25
20231107,21.78,0.0,55.6
20231108,23.17,0.0,57.5
20231109,24.68,0.01,45.54
20231110,22.06,1.85,58.65
20231111,19.32,0.0,69.22
20231112,20.76,0.0,54.41
20231113,19.88,0.0,54.0
20231114,19.56,0.0,51.13
20231115,19.66,0.0,48.05
20231116,19.26,0.0,46.16
20231117,18.99,0.0,56.48
20231118,19.3,0.0,53.45
20231119,19.23,0.0,56.36
20231120,18.95,0.0,56.95
20231121,18.74,0.0,52.27
20231122,19.31,0.0,42.17
20231123,18.85,0.0,44.13
20231124,17.83,0.0,48.12
20231125,16.37,0.0,57.65
20231126,15.63,0.0,61.94
20231127,15.95,0.49,67.45
20231128,17.0,0.09,60.09
20231129,19.06,0.04,54.3
20231130,19.09,0.8,59.62
20231201,18.25,0.01,68.07
20231202,18.33,0.0,54.06
20231203,18.25,0.0,43.17
20231204,18.02,0.0,42.66
20231205,17.39,0.0,47.02
20231206,17.22,0.0,49.86
20231207,16.85,0.0,46.31
20231208,18.29,0.0,38.76
20231209,18.49,0.0,34.87
20231210,17.26,0.0,33.33
20231211,16.66,0.0,31.54
20231212,14.66,0.0,39.59
20231213,14.83,0.0,44.7
20231214,14.72,0.0,46.64
20231215,15.13,0.0,47.63
20231216,15.24,0.0,46.97
20231217,14.17,0.0,53.14
20231218,14.39,0.0,49.13
20231219,14.38,0.0,37.54
20231220,15.75,0.0,30.19
20231221,16.17,0.0,26.01
20231222,15.81,0.0,26.23
20231223,14.47,0.0,39.93
20231224,14.39,0.0,48.96
20231225,16.76,0.0,44.85
20231226,17.21,0.0,40.32
20231227,15.13,0.0,49.86
20231228,15.1,0.0,46.62
20231229,13.23,0.0,54.2
20231230,13.21,0.0,47.33
20231231,12.44,0.0,41.81
